tabla,league,season,columna,pct_con_dato,filas
keepers,Bundesliga,2010-2011,ranker,100.0,39
keepers,Bundesliga,2010-2011,player,100.0,39
keepers,Bundesliga,2010-2011,nationality,100.0,39
keepers,Bundesliga,2010-2011,position,100.0,39
keepers,Bundesliga,2010-2011,team,100.0,39
keepers,Bundesliga,2010-2011,age,100.0,39
keepers,Bundesliga,2010-2011,birth_year,100.0,39
keepers,Bundesliga,2010-2011,gk_games,100.0,39
keepers,Bundesliga,2010-2011,gk_games_starts,100.0,39
keepers,Bundesliga,2010-2011,gk_minutes,100.0,39
keepers,Bundesliga,2010-2011,minutes_90s,100.0,39
keepers,Bundesliga,2010-2011,gk_goals_against,100.0,39
keepers,Bundesliga,2010-2011,gk_goals_against_per90,100.0,39
keepers,Bundesliga,2010-2011,gk_shots_on_target_against,100.0,39
keepers,Bundesliga,2010-2011,gk_saves,100.0,39
keepers,Bundesliga,2010-2011,gk_save_pct,100.0,39
keepers,Bundesliga,2010-2011,gk_wins,100.0,39
keepers,Bundesliga,2010-2011,gk_ties,100.0,39
keepers,Bundesliga,2010-2011,gk_losses,100.0,39
keepers,Bundesliga,2010-2011,gk_clean_sheets,100.0,39
keepers,Bundesliga,2010-2011,gk_clean_sheets_pct,94.9,39
keepers,Bundesliga,2010-2011,gk_pens_att,0.0,39
keepers,Bundesliga,2010-2011,gk_pens_allowed,0.0,39
keepers,Bundesliga,2010-2011,gk_pens_saved,0.0,39
keepers,Bundesliga,2010-2011,gk_pens_missed,0.0,39
keepers,Bundesliga,2010-2011,gk_pens_save_pct,0.0,39
keepers,Bundesliga,2010-2011,player_id,100.0,39
keepers,Bundesliga,2010-2011,team_id,100.0,39
keepers,Bundesliga,2011-2012,ranker,100.0,36
keepers,Bundesliga,2011-2012,player,100.0,36
keepers,Bundesliga,2011-2012,nationality,100.0,36
keepers,Bundesliga,2011-2012,position,100.0,36
keepers,Bundesliga,2011-2012,team,100.0,36
keepers,Bundesliga,2011-2012,age,100.0,36
keepers,Bundesliga,2011-2012,birth_year,100.0,36
keepers,Bundesliga,2011-2012,gk_games,100.0,36
keepers,Bundesliga,2011-2012,gk_games_starts,100.0,36
keepers,Bundesliga,2011-2012,gk_minutes,100.0,36
keepers,Bundesliga,2011-2012,minutes_90s,100.0,36
keepers,Bundesliga,2011-2012,gk_goals_against,97.2,36
keepers,Bundesliga,2011-2012,gk_goals_against_per90,97.2,36
keepers,Bundesliga,2011-2012,gk_shots_on_target_against,97.2,36
keepers,Bundesliga,2011-2012,gk_saves,97.2,36
keepers,Bundesliga,2011-2012,gk_save_pct,94.4,36
keepers,Bundesliga,2011-2012,gk_wins,97.2,36
keepers,Bundesliga,2011-2012,gk_ties,97.2,36
keepers,Bundesliga,2011-2012,gk_losses,97.2,36
keepers,Bundesliga,2011-2012,gk_clean_sheets,97.2,36
keepers,Bundesliga,2011-2012,gk_clean_sheets_pct,91.7,36
keepers,Bundesliga,2011-2012,gk_pens_att,0.0,36
keepers,Bundesliga,2011-2012,gk_pens_allowed,0.0,36
keepers,Bundesliga,2011-2012,gk_pens_saved,0.0,36
keepers,Bundesliga,2011-2012,gk_pens_missed,0.0,36
keepers,Bundesliga,2011-2012,gk_pens_save_pct,0.0,36
keepers,Bundesliga,2011-2012,player_id,100.0,36
keepers,Bundesliga,2011-2012,team_id,100.0,36
keepers,Bundesliga,2012-2013,ranker,100.0,35
keepers,Bundesliga,2012-2013,player,100.0,35
keepers,Bundesliga,2012-2013,nationality,100.0,35
keepers,Bundesliga,2012-2013,position,100.0,35
keepers,Bundesliga,2012-2013,team,100.0,35
keepers,Bundesliga,2012-2013,age,100.0,35
keepers,Bundesliga,2012-2013,birth_year,100.0,35
keepers,Bundesliga,2012-2013,gk_games,100.0,35
keepers,Bundesliga,2012-2013,gk_games_starts,100.0,35
keepers,Bundesliga,2012-2013,gk_minutes,100.0,35
keepers,Bundesliga,2012-2013,minutes_90s,100.0,35
keepers,Bundesliga,2012-2013,gk_goals_against,100.0,35
keepers,Bundesliga,2012-2013,gk_goals_against_per90,100.0,35
keepers,Bundesliga,2012-2013,gk_shots_on_target_against,100.0,35
keepers,Bundesliga,2012-2013,gk_saves,100.0,35
keepers,Bundesliga,2012-2013,gk_save_pct,100.0,35
keepers,Bundesliga,2012-2013,gk_wins,100.0,35
keepers,Bundesliga,2012-2013,gk_ties,100.0,35
keepers,Bundesliga,2012-2013,gk_losses,100.0,35
keepers,Bundesliga,2012-2013,gk_clean_sheets,100.0,35
keepers,Bundesliga,2012-2013,gk_clean_sheets_pct,88.6,35
keepers,Bundesliga,2012-2013,gk_pens_att,0.0,35
keepers,Bundesliga,2012-2013,gk_pens_allowed,0.0,35
keepers,Bundesliga,2012-2013,gk_pens_saved,0.0,35
keepers,Bundesliga,2012-2013,gk_pens_missed,0.0,35
keepers,Bundesliga,2012-2013,gk_pens_save_pct,0.0,35
keepers,Bundesliga,2012-2013,player_id,100.0,35
keepers,Bundesliga,2012-2013,team_id,100.0,35
keepers,Bundesliga,2013-2014,ranker,100.0,38
keepers,Bundesliga,2013-2014,player,100.0,38
keepers,Bundesliga,2013-2014,nationality,100.0,38
keepers,Bundesliga,2013-2014,position,100.0,38
keepers,Bundesliga,2013-2014,team,100.0,38
keepers,Bundesliga,2013-2014,age,100.0,38
keepers,Bundesliga,2013-2014,birth_year,100.0,38
keepers,Bundesliga,2013-2014,gk_games,100.0,38
keepers,Bundesliga,2013-2014,gk_games_starts,100.0,38
keepers,Bundesliga,2013-2014,gk_minutes,100.0,38
keepers,Bundesliga,2013-2014,minutes_90s,100.0,38
keepers,Bundesliga,2013-2014,gk_goals_against,100.0,38
keepers,Bundesliga,2013-2014,gk_goals_against_per90,100.0,38
keepers,Bundesliga,2013-2014,gk_shots_on_target_against,100.0,38
keepers,Bundesliga,2013-2014,gk_saves,100.0,38
keepers,Bundesliga,2013-2014,gk_save_pct,97.4,38
keepers,Bundesliga,2013-2014,gk_wins,100.0,38
keepers,Bundesliga,2013-2014,gk_ties,100.0,38
keepers,Bundesliga,2013-2014,gk_losses,100.0,38
keepers,Bundesliga,2013-2014,gk_clean_sheets,100.0,38
keepers,Bundesliga,2013-2014,gk_clean_sheets_pct,94.7,38
keepers,Bundesliga,2013-2014,gk_pens_att,0.0,38
keepers,Bundesliga,2013-2014,gk_pens_allowed,0.0,38
keepers,Bundesliga,2013-2014,gk_pens_saved,0.0,38
keepers,Bundesliga,2013-2014,gk_pens_missed,0.0,38
keepers,Bundesliga,2013-2014,gk_pens_save_pct,0.0,38
keepers,Bundesliga,2013-2014,player_id,100.0,38
keepers,Bundesliga,2013-2014,team_id,100.0,38
keepers,Bundesliga,2014-2015,ranker,100.0,34
keepers,Bundesliga,2014-2015,player,100.0,34
keepers,Bundesliga,2014-2015,nationality,100.0,34
keepers,Bundesliga,2014-2015,position,100.0,34
keepers,Bundesliga,2014-2015,team,100.0,34
keepers,Bundesliga,2014-2015,age,100.0,34
keepers,Bundesliga,2014-2015,birth_year,100.0,34
keepers,Bundesliga,2014-2015,gk_games,100.0,34
keepers,Bundesliga,2014-2015,gk_games_starts,100.0,34
keepers,Bundesliga,2014-2015,gk_minutes,100.0,34
keepers,Bundesliga,2014-2015,minutes_90s,100.0,34
keepers,Bundesliga,2014-2015,gk_goals_against,100.0,34
keepers,Bundesliga,2014-2015,gk_goals_against_per90,100.0,34
keepers,Bundesliga,2014-2015,gk_shots_on_target_against,100.0,34
keepers,Bundesliga,2014-2015,gk_saves,100.0,34
keepers,Bundesliga,2014-2015,gk_save_pct,100.0,34
keepers,Bundesliga,2014-2015,gk_wins,100.0,34
keepers,Bundesliga,2014-2015,gk_ties,100.0,34
keepers,Bundesliga,2014-2015,gk_losses,100.0,34
keepers,Bundesliga,2014-2015,gk_clean_sheets,100.0,34
keepers,Bundesliga,2014-2015,gk_clean_sheets_pct,100.0,34
keepers,Bundesliga,2014-2015,gk_pens_att,0.0,34
keepers,Bundesliga,2014-2015,gk_pens_allowed,0.0,34
keepers,Bundesliga,2014-2015,gk_pens_saved,0.0,34
keepers,Bundesliga,2014-2015,gk_pens_missed,0.0,34
keepers,Bundesliga,2014-2015,gk_pens_save_pct,0.0,34
keepers,Bundesliga,2014-2015,player_id,100.0,34
keepers,Bundesliga,2014-2015,team_id,100.0,34
keepers,Bundesliga,2015-2016,ranker,100.0,35
keepers,Bundesliga,2015-2016,player,100.0,35
keepers,Bundesliga,2015-2016,nationality,100.0,35
keepers,Bundesliga,2015-2016,position,100.0,35
keepers,Bundesliga,2015-2016,team,100.0,35
keepers,Bundesliga,2015-2016,age,100.0,35
keepers,Bundesliga,2015-2016,birth_year,100.0,35
keepers,Bundesliga,2015-2016,gk_games,100.0,35
keepers,Bundesliga,2015-2016,gk_games_starts,100.0,35
keepers,Bundesliga,2015-2016,gk_minutes,100.0,35
keepers,Bundesliga,2015-2016,minutes_90s,100.0,35
keepers,Bundesliga,2015-2016,gk_goals_against,100.0,35
keepers,Bundesliga,2015-2016,gk_goals_against_per90,100.0,35
keepers,Bundesliga,2015-2016,gk_shots_on_target_against,100.0,35
keepers,Bundesliga,2015-2016,gk_saves,100.0,35
keepers,Bundesliga,2015-2016,gk_save_pct,100.0,35
keepers,Bundesliga,2015-2016,gk_wins,100.0,35
keepers,Bundesliga,2015-2016,gk_ties,100.0,35
keepers,Bundesliga,2015-2016,gk_losses,100.0,35
keepers,Bundesliga,2015-2016,gk_clean_sheets,100.0,35
keepers,Bundesliga,2015-2016,gk_clean_sheets_pct,91.4,35
keepers,Bundesliga,2015-2016,gk_pens_att,0.0,35
keepers,Bundesliga,2015-2016,gk_pens_allowed,0.0,35
keepers,Bundesliga,2015-2016,gk_pens_saved,0.0,35
keepers,Bundesliga,2015-2016,gk_pens_missed,0.0,35
keepers,Bundesliga,2015-2016,gk_pens_save_pct,0.0,35
keepers,Bundesliga,2015-2016,player_id,100.0,35
keepers,Bundesliga,2015-2016,team_id,100.0,35
keepers,Bundesliga,2016-2017,ranker,100.0,33
keepers,Bundesliga,2016-2017,player,100.0,33
keepers,Bundesliga,2016-2017,nationality,100.0,33
keepers,Bundesliga,2016-2017,position,100.0,33
keepers,Bundesliga,2016-2017,team,100.0,33
keepers,Bundesliga,2016-2017,age,100.0,33
keepers,Bundesliga,2016-2017,birth_year,100.0,33
keepers,Bundesliga,2016-2017,gk_games,100.0,33
keepers,Bundesliga,2016-2017,gk_games_starts,100.0,33
keepers,Bundesliga,2016-2017,gk_minutes,100.0,33
keepers,Bundesliga,2016-2017,minutes_90s,100.0,33
keepers,Bundesliga,2016-2017,gk_goals_against,100.0,33
keepers,Bundesliga,2016-2017,gk_goals_against_per90,100.0,33
keepers,Bundesliga,2016-2017,gk_shots_on_target_against,100.0,33
keepers,Bundesliga,2016-2017,gk_saves,100.0,33
keepers,Bundesliga,2016-2017,gk_save_pct,100.0,33
keepers,Bundesliga,2016-2017,gk_wins,100.0,33
keepers,Bundesliga,2016-2017,gk_ties,100.0,33
keepers,Bundesliga,2016-2017,gk_losses,100.0,33
keepers,Bundesliga,2016-2017,gk_clean_sheets,100.0,33
keepers,Bundesliga,2016-2017,gk_clean_sheets_pct,100.0,33
keepers,Bundesliga,2016-2017,gk_pens_att,100.0,33
keepers,Bundesliga,2016-2017,gk_pens_allowed,100.0,33
keepers,Bundesliga,2016-2017,gk_pens_saved,100.0,33
keepers,Bundesliga,2016-2017,gk_pens_missed,100.0,33
keepers,Bundesliga,2016-2017,gk_pens_save_pct,72.7,33
keepers,Bundesliga,2016-2017,player_id,100.0,33
keepers,Bundesliga,2016-2017,team_id,100.0,33
keepers,Bundesliga,2017-2018,ranker,100.0,32
keepers,Bundesliga,2017-2018,player,100.0,32
keepers,Bundesliga,2017-2018,nationality,100.0,32
keepers,Bundesliga,2017-2018,position,100.0,32
keepers,Bundesliga,2017-2018,team,100.0,32
keepers,Bundesliga,2017-2018,age,100.0,32
keepers,Bundesliga,2017-2018,birth_year,100.0,32
keepers,Bundesliga,2017-2018,gk_games,100.0,32
keepers,Bundesliga,2017-2018,gk_games_starts,100.0,32
keepers,Bundesliga,2017-2018,gk_minutes,100.0,32
keepers,Bundesliga,2017-2018,minutes_90s,100.0,32
keepers,Bundesliga,2017-2018,gk_goals_against,100.0,32
keepers,Bundesliga,2017-2018,gk_goals_against_per90,100.0,32
keepers,Bundesliga,2017-2018,gk_shots_on_target_against,100.0,32
keepers,Bundesliga,2017-2018,gk_saves,100.0,32
keepers,Bundesliga,2017-2018,gk_save_pct,100.0,32
keepers,Bundesliga,2017-2018,gk_wins,100.0,32
keepers,Bundesliga,2017-2018,gk_ties,100.0,32
keepers,Bundesliga,2017-2018,gk_losses,100.0,32
keepers,Bundesliga,2017-2018,gk_clean_sheets,100.0,32
keepers,Bundesliga,2017-2018,gk_clean_sheets_pct,96.9,32
keepers,Bundesliga,2017-2018,gk_pens_att,100.0,32
keepers,Bundesliga,2017-2018,gk_pens_allowed,100.0,32
keepers,Bundesliga,2017-2018,gk_pens_saved,100.0,32
keepers,Bundesliga,2017-2018,gk_pens_missed,100.0,32
keepers,Bundesliga,2017-2018,gk_pens_save_pct,71.9,32
keepers,Bundesliga,2017-2018,player_id,100.0,32
keepers,Bundesliga,2017-2018,team_id,100.0,32
keepers,Bundesliga,2018-2019,ranker,100.0,37
keepers,Bundesliga,2018-2019,player,100.0,37
keepers,Bundesliga,2018-2019,nationality,100.0,37
keepers,Bundesliga,2018-2019,position,100.0,37
keepers,Bundesliga,2018-2019,team,100.0,37
keepers,Bundesliga,2018-2019,age,100.0,37
keepers,Bundesliga,2018-2019,birth_year,100.0,37
keepers,Bundesliga,2018-2019,gk_games,100.0,37
keepers,Bundesliga,2018-2019,gk_games_starts,100.0,37
keepers,Bundesliga,2018-2019,gk_minutes,100.0,37
keepers,Bundesliga,2018-2019,minutes_90s,100.0,37
keepers,Bundesliga,2018-2019,gk_goals_against,100.0,37
keepers,Bundesliga,2018-2019,gk_goals_against_per90,100.0,37
keepers,Bundesliga,2018-2019,gk_shots_on_target_against,100.0,37
keepers,Bundesliga,2018-2019,gk_saves,100.0,37
keepers,Bundesliga,2018-2019,gk_save_pct,100.0,37
keepers,Bundesliga,2018-2019,gk_wins,100.0,37
keepers,Bundesliga,2018-2019,gk_ties,100.0,37
keepers,Bundesliga,2018-2019,gk_losses,100.0,37
keepers,Bundesliga,2018-2019,gk_clean_sheets,100.0,37
keepers,Bundesliga,2018-2019,gk_clean_sheets_pct,94.6,37
keepers,Bundesliga,2018-2019,gk_pens_att,100.0,37
keepers,Bundesliga,2018-2019,gk_pens_allowed,100.0,37
keepers,Bundesliga,2018-2019,gk_pens_saved,100.0,37
keepers,Bundesliga,2018-2019,gk_pens_missed,100.0,37
keepers,Bundesliga,2018-2019,gk_pens_save_pct,73.0,37
keepers,Bundesliga,2018-2019,player_id,100.0,37
keepers,Bundesliga,2018-2019,team_id,100.0,37
keepers,Bundesliga,2019-2020,ranker,100.0,36
keepers,Bundesliga,2019-2020,player,100.0,36
keepers,Bundesliga,2019-2020,nationality,100.0,36
keepers,Bundesliga,2019-2020,position,100.0,36
keepers,Bundesliga,2019-2020,team,100.0,36
keepers,Bundesliga,2019-2020,age,100.0,36
keepers,Bundesliga,2019-2020,birth_year,100.0,36
keepers,Bundesliga,2019-2020,gk_games,100.0,36
keepers,Bundesliga,2019-2020,gk_games_starts,100.0,36
keepers,Bundesliga,2019-2020,gk_minutes,100.0,36
keepers,Bundesliga,2019-2020,minutes_90s,100.0,36
keepers,Bundesliga,2019-2020,gk_goals_against,100.0,36
keepers,Bundesliga,2019-2020,gk_goals_against_per90,100.0,36
keepers,Bundesliga,2019-2020,gk_shots_on_target_against,100.0,36
keepers,Bundesliga,2019-2020,gk_saves,100.0,36
keepers,Bundesliga,2019-2020,gk_save_pct,100.0,36
keepers,Bundesliga,2019-2020,gk_wins,100.0,36
keepers,Bundesliga,2019-2020,gk_ties,100.0,36
keepers,Bundesliga,2019-2020,gk_losses,100.0,36
keepers,Bundesliga,2019-2020,gk_clean_sheets,100.0,36
keepers,Bundesliga,2019-2020,gk_clean_sheets_pct,97.2,36
keepers,Bundesliga,2019-2020,gk_pens_att,100.0,36
keepers,Bundesliga,2019-2020,gk_pens_allowed,100.0,36
keepers,Bundesliga,2019-2020,gk_pens_saved,100.0,36
keepers,Bundesliga,2019-2020,gk_pens_missed,100.0,36
keepers,Bundesliga,2019-2020,gk_pens_save_pct,69.4,36
keepers,Bundesliga,2019-2020,player_id,100.0,36
keepers,Bundesliga,2019-2020,team_id,100.0,36
keepers,Bundesliga,2020-2021,ranker,100.0,35
keepers,Bundesliga,2020-2021,player,100.0,35
keepers,Bundesliga,2020-2021,nationality,100.0,35
keepers,Bundesliga,2020-2021,position,100.0,35
keepers,Bundesliga,2020-2021,team,100.0,35
keepers,Bundesliga,2020-2021,age,100.0,35
keepers,Bundesliga,2020-2021,birth_year,100.0,35
keepers,Bundesliga,2020-2021,gk_games,100.0,35
keepers,Bundesliga,2020-2021,gk_games_starts,100.0,35
keepers,Bundesliga,2020-2021,gk_minutes,100.0,35
keepers,Bundesliga,2020-2021,minutes_90s,100.0,35
keepers,Bundesliga,2020-2021,gk_goals_against,100.0,35
keepers,Bundesliga,2020-2021,gk_goals_against_per90,100.0,35
keepers,Bundesliga,2020-2021,gk_shots_on_target_against,100.0,35
keepers,Bundesliga,2020-2021,gk_saves,100.0,35
keepers,Bundesliga,2020-2021,gk_save_pct,100.0,35
keepers,Bundesliga,2020-2021,gk_wins,100.0,35
keepers,Bundesliga,2020-2021,gk_ties,100.0,35
keepers,Bundesliga,2020-2021,gk_losses,100.0,35
keepers,Bundesliga,2020-2021,gk_clean_sheets,100.0,35
keepers,Bundesliga,2020-2021,gk_clean_sheets_pct,97.1,35
keepers,Bundesliga,2020-2021,gk_pens_att,100.0,35
keepers,Bundesliga,2020-2021,gk_pens_allowed,100.0,35
keepers,Bundesliga,2020-2021,gk_pens_saved,100.0,35
keepers,Bundesliga,2020-2021,gk_pens_missed,100.0,35
keepers,Bundesliga,2020-2021,gk_pens_save_pct,68.6,35
keepers,Bundesliga,2020-2021,player_id,100.0,35
keepers,Bundesliga,2020-2021,team_id,100.0,35
keepers,Bundesliga,2021-2022,ranker,100.0,41
keepers,Bundesliga,2021-2022,player,100.0,41
keepers,Bundesliga,2021-2022,nationality,100.0,41
keepers,Bundesliga,2021-2022,position,100.0,41
keepers,Bundesliga,2021-2022,team,100.0,41
keepers,Bundesliga,2021-2022,age,100.0,41
keepers,Bundesliga,2021-2022,birth_year,100.0,41
keepers,Bundesliga,2021-2022,gk_games,100.0,41
keepers,Bundesliga,2021-2022,gk_games_starts,100.0,41
keepers,Bundesliga,2021-2022,gk_minutes,100.0,41
keepers,Bundesliga,2021-2022,minutes_90s,100.0,41
keepers,Bundesliga,2021-2022,gk_goals_against,100.0,41
keepers,Bundesliga,2021-2022,gk_goals_against_per90,100.0,41
keepers,Bundesliga,2021-2022,gk_shots_on_target_against,100.0,41
keepers,Bundesliga,2021-2022,gk_saves,100.0,41
keepers,Bundesliga,2021-2022,gk_save_pct,95.1,41
keepers,Bundesliga,2021-2022,gk_wins,100.0,41
keepers,Bundesliga,2021-2022,gk_ties,100.0,41
keepers,Bundesliga,2021-2022,gk_losses,100.0,41
keepers,Bundesliga,2021-2022,gk_clean_sheets,100.0,41
keepers,Bundesliga,2021-2022,gk_clean_sheets_pct,95.1,41
keepers,Bundesliga,2021-2022,gk_pens_att,100.0,41
keepers,Bundesliga,2021-2022,gk_pens_allowed,100.0,41
keepers,Bundesliga,2021-2022,gk_pens_saved,100.0,41
keepers,Bundesliga,2021-2022,gk_pens_missed,100.0,41
keepers,Bundesliga,2021-2022,gk_pens_save_pct,65.9,41
keepers,Bundesliga,2021-2022,player_id,100.0,41
keepers,Bundesliga,2021-2022,team_id,100.0,41
keepers,Bundesliga,2022-2023,ranker,100.0,35
keepers,Bundesliga,2022-2023,player,100.0,35
keepers,Bundesliga,2022-2023,nationality,100.0,35
keepers,Bundesliga,2022-2023,position,100.0,35
keepers,Bundesliga,2022-2023,team,100.0,35
keepers,Bundesliga,2022-2023,age,100.0,35
keepers,Bundesliga,2022-2023,birth_year,100.0,35
keepers,Bundesliga,2022-2023,gk_games,100.0,35
keepers,Bundesliga,2022-2023,gk_games_starts,100.0,35
keepers,Bundesliga,2022-2023,gk_minutes,100.0,35
keepers,Bundesliga,2022-2023,minutes_90s,100.0,35
keepers,Bundesliga,2022-2023,gk_goals_against,100.0,35
keepers,Bundesliga,2022-2023,gk_goals_against_per90,100.0,35
keepers,Bundesliga,2022-2023,gk_shots_on_target_against,100.0,35
keepers,Bundesliga,2022-2023,gk_saves,100.0,35
keepers,Bundesliga,2022-2023,gk_save_pct,100.0,35
keepers,Bundesliga,2022-2023,gk_wins,100.0,35
keepers,Bundesliga,2022-2023,gk_ties,100.0,35
keepers,Bundesliga,2022-2023,gk_losses,100.0,35
keepers,Bundesliga,2022-2023,gk_clean_sheets,100.0,35
keepers,Bundesliga,2022-2023,gk_clean_sheets_pct,100.0,35
keepers,Bundesliga,2022-2023,gk_pens_att,100.0,35
keepers,Bundesliga,2022-2023,gk_pens_allowed,100.0,35
keepers,Bundesliga,2022-2023,gk_pens_saved,100.0,35
keepers,Bundesliga,2022-2023,gk_pens_missed,100.0,35
keepers,Bundesliga,2022-2023,gk_pens_save_pct,80.0,35
keepers,Bundesliga,2022-2023,player_id,100.0,35
keepers,Bundesliga,2022-2023,team_id,100.0,35
keepers,Bundesliga,2023-2024,ranker,100.0,33
keepers,Bundesliga,2023-2024,player,100.0,33
keepers,Bundesliga,2023-2024,nationality,100.0,33
keepers,Bundesliga,2023-2024,position,100.0,33
keepers,Bundesliga,2023-2024,team,100.0,33
keepers,Bundesliga,2023-2024,age,100.0,33
keepers,Bundesliga,2023-2024,birth_year,100.0,33
keepers,Bundesliga,2023-2024,gk_games,100.0,33
keepers,Bundesliga,2023-2024,gk_games_starts,100.0,33
keepers,Bundesliga,2023-2024,gk_minutes,100.0,33
keepers,Bundesliga,2023-2024,minutes_90s,100.0,33
keepers,Bundesliga,2023-2024,gk_goals_against,100.0,33
keepers,Bundesliga,2023-2024,gk_goals_against_per90,100.0,33
keepers,Bundesliga,2023-2024,gk_shots_on_target_against,100.0,33
keepers,Bundesliga,2023-2024,gk_saves,100.0,33
keepers,Bundesliga,2023-2024,gk_save_pct,97.0,33
keepers,Bundesliga,2023-2024,gk_wins,100.0,33
keepers,Bundesliga,2023-2024,gk_ties,100.0,33
keepers,Bundesliga,2023-2024,gk_losses,100.0,33
keepers,Bundesliga,2023-2024,gk_clean_sheets,100.0,33
keepers,Bundesliga,2023-2024,gk_clean_sheets_pct,97.0,33
keepers,Bundesliga,2023-2024,gk_pens_att,100.0,33
keepers,Bundesliga,2023-2024,gk_pens_allowed,100.0,33
keepers,Bundesliga,2023-2024,gk_pens_saved,100.0,33
keepers,Bundesliga,2023-2024,gk_pens_missed,100.0,33
keepers,Bundesliga,2023-2024,gk_pens_save_pct,60.6,33
keepers,Bundesliga,2023-2024,player_id,100.0,33
keepers,Bundesliga,2023-2024,team_id,100.0,33
keepers,Bundesliga,2024-2025,ranker,100.0,38
keepers,Bundesliga,2024-2025,player,100.0,38
keepers,Bundesliga,2024-2025,nationality,100.0,38
keepers,Bundesliga,2024-2025,position,100.0,38
keepers,Bundesliga,2024-2025,team,100.0,38
keepers,Bundesliga,2024-2025,age,100.0,38
keepers,Bundesliga,2024-2025,birth_year,100.0,38
keepers,Bundesliga,2024-2025,gk_games,100.0,38
keepers,Bundesliga,2024-2025,gk_games_starts,100.0,38
keepers,Bundesliga,2024-2025,gk_minutes,100.0,38
keepers,Bundesliga,2024-2025,minutes_90s,100.0,38
keepers,Bundesliga,2024-2025,gk_goals_against,100.0,38
keepers,Bundesliga,2024-2025,gk_goals_against_per90,100.0,38
keepers,Bundesliga,2024-2025,gk_shots_on_target_against,100.0,38
keepers,Bundesliga,2024-2025,gk_saves,100.0,38
keepers,Bundesliga,2024-2025,gk_save_pct,97.4,38
keepers,Bundesliga,2024-2025,gk_wins,100.0,38
keepers,Bundesliga,2024-2025,gk_ties,100.0,38
keepers,Bundesliga,2024-2025,gk_losses,100.0,38
keepers,Bundesliga,2024-2025,gk_clean_sheets,100.0,38
keepers,Bundesliga,2024-2025,gk_clean_sheets_pct,97.4,38
keepers,Bundesliga,2024-2025,gk_pens_att,100.0,38
keepers,Bundesliga,2024-2025,gk_pens_allowed,100.0,38
keepers,Bundesliga,2024-2025,gk_pens_saved,100.0,38
keepers,Bundesliga,2024-2025,gk_pens_missed,100.0,38
keepers,Bundesliga,2024-2025,gk_pens_save_pct,65.8,38
keepers,Bundesliga,2024-2025,player_id,100.0,38
keepers,Bundesliga,2024-2025,team_id,100.0,38
keepers,Bundesliga,2025-2026,ranker,100.0,30
keepers,Bundesliga,2025-2026,player,100.0,30
keepers,Bundesliga,2025-2026,nationality,100.0,30
keepers,Bundesliga,2025-2026,position,100.0,30
keepers,Bundesliga,2025-2026,team,100.0,30
keepers,Bundesliga,2025-2026,age,100.0,30
keepers,Bundesliga,2025-2026,birth_year,100.0,30
keepers,Bundesliga,2025-2026,gk_games,100.0,30
keepers,Bundesliga,2025-2026,gk_games_starts,100.0,30
keepers,Bundesliga,2025-2026,gk_minutes,100.0,30
keepers,Bundesliga,2025-2026,minutes_90s,100.0,30
keepers,Bundesliga,2025-2026,gk_goals_against,100.0,30
keepers,Bundesliga,2025-2026,gk_goals_against_per90,100.0,30
keepers,Bundesliga,2025-2026,gk_shots_on_target_against,100.0,30
keepers,Bundesliga,2025-2026,gk_saves,100.0,30
keepers,Bundesliga,2025-2026,gk_save_pct,100.0,30
keepers,Bundesliga,2025-2026,gk_wins,100.0,30
keepers,Bundesliga,2025-2026,gk_ties,100.0,30
keepers,Bundesliga,2025-2026,gk_losses,100.0,30
keepers,Bundesliga,2025-2026,gk_clean_sheets,100.0,30
keepers,Bundesliga,2025-2026,gk_clean_sheets_pct,100.0,30
keepers,Bundesliga,2025-2026,gk_pens_att,100.0,30
keepers,Bundesliga,2025-2026,gk_pens_allowed,100.0,30
keepers,Bundesliga,2025-2026,gk_pens_saved,100.0,30
keepers,Bundesliga,2025-2026,gk_pens_missed,100.0,30
keepers,Bundesliga,2025-2026,gk_pens_save_pct,80.0,30
keepers,Bundesliga,2025-2026,player_id,100.0,30
keepers,Bundesliga,2025-2026,team_id,100.0,30
keepers,Eredivisie,2010-2011,ranker,100.0,40
keepers,Eredivisie,2010-2011,player,100.0,40
keepers,Eredivisie,2010-2011,nationality,100.0,40
keepers,Eredivisie,2010-2011,position,100.0,40
keepers,Eredivisie,2010-2011,team,100.0,40
keepers,Eredivisie,2010-2011,age,100.0,40
keepers,Eredivisie,2010-2011,birth_year,100.0,40
keepers,Eredivisie,2010-2011,gk_games,100.0,40
keepers,Eredivisie,2010-2011,gk_games_starts,100.0,40
keepers,Eredivisie,2010-2011,gk_minutes,100.0,40
keepers,Eredivisie,2010-2011,minutes_90s,100.0,40
keepers,Eredivisie,2010-2011,gk_goals_against,100.0,40
keepers,Eredivisie,2010-2011,gk_goals_against_per90,100.0,40
keepers,Eredivisie,2010-2011,gk_shots_on_target_against,100.0,40
keepers,Eredivisie,2010-2011,gk_saves,100.0,40
keepers,Eredivisie,2010-2011,gk_save_pct,100.0,40
keepers,Eredivisie,2010-2011,gk_wins,100.0,40
keepers,Eredivisie,2010-2011,gk_ties,100.0,40
keepers,Eredivisie,2010-2011,gk_losses,100.0,40
keepers,Eredivisie,2010-2011,gk_clean_sheets,100.0,40
keepers,Eredivisie,2010-2011,gk_clean_sheets_pct,97.5,40
keepers,Eredivisie,2010-2011,gk_pens_att,0.0,40
keepers,Eredivisie,2010-2011,gk_pens_allowed,0.0,40
keepers,Eredivisie,2010-2011,gk_pens_saved,0.0,40
keepers,Eredivisie,2010-2011,gk_pens_missed,0.0,40
keepers,Eredivisie,2010-2011,gk_pens_save_pct,0.0,40
keepers,Eredivisie,2010-2011,player_id,100.0,40
keepers,Eredivisie,2010-2011,team_id,100.0,40
keepers,Eredivisie,2011-2012,ranker,100.0,39
keepers,Eredivisie,2011-2012,player,100.0,39
keepers,Eredivisie,2011-2012,nationality,100.0,39
keepers,Eredivisie,2011-2012,position,100.0,39
keepers,Eredivisie,2011-2012,team,100.0,39
keepers,Eredivisie,2011-2012,age,100.0,39
keepers,Eredivisie,2011-2012,birth_year,100.0,39
keepers,Eredivisie,2011-2012,gk_games,100.0,39
keepers,Eredivisie,2011-2012,gk_games_starts,100.0,39
keepers,Eredivisie,2011-2012,gk_minutes,100.0,39
keepers,Eredivisie,2011-2012,minutes_90s,100.0,39
keepers,Eredivisie,2011-2012,gk_goals_against,100.0,39
keepers,Eredivisie,2011-2012,gk_goals_against_per90,100.0,39
keepers,Eredivisie,2011-2012,gk_shots_on_target_against,100.0,39
keepers,Eredivisie,2011-2012,gk_saves,100.0,39
keepers,Eredivisie,2011-2012,gk_save_pct,100.0,39
keepers,Eredivisie,2011-2012,gk_wins,100.0,39
keepers,Eredivisie,2011-2012,gk_ties,100.0,39
keepers,Eredivisie,2011-2012,gk_losses,100.0,39
keepers,Eredivisie,2011-2012,gk_clean_sheets,100.0,39
keepers,Eredivisie,2011-2012,gk_clean_sheets_pct,89.7,39
keepers,Eredivisie,2011-2012,gk_pens_att,0.0,39
keepers,Eredivisie,2011-2012,gk_pens_allowed,0.0,39
keepers,Eredivisie,2011-2012,gk_pens_saved,0.0,39
keepers,Eredivisie,2011-2012,gk_pens_missed,0.0,39
keepers,Eredivisie,2011-2012,gk_pens_save_pct,0.0,39
keepers,Eredivisie,2011-2012,player_id,100.0,39
keepers,Eredivisie,2011-2012,team_id,100.0,39
keepers,Eredivisie,2012-2013,ranker,100.0,38
keepers,Eredivisie,2012-2013,player,100.0,38
keepers,Eredivisie,2012-2013,nationality,100.0,38
keepers,Eredivisie,2012-2013,position,100.0,38
keepers,Eredivisie,2012-2013,team,100.0,38
keepers,Eredivisie,2012-2013,age,100.0,38
keepers,Eredivisie,2012-2013,birth_year,100.0,38
keepers,Eredivisie,2012-2013,gk_games,100.0,38
keepers,Eredivisie,2012-2013,gk_games_starts,100.0,38
keepers,Eredivisie,2012-2013,gk_minutes,100.0,38
keepers,Eredivisie,2012-2013,minutes_90s,100.0,38
keepers,Eredivisie,2012-2013,gk_goals_against,100.0,38
keepers,Eredivisie,2012-2013,gk_goals_against_per90,100.0,38
keepers,Eredivisie,2012-2013,gk_shots_on_target_against,100.0,38
keepers,Eredivisie,2012-2013,gk_saves,100.0,38
keepers,Eredivisie,2012-2013,gk_save_pct,100.0,38
keepers,Eredivisie,2012-2013,gk_wins,100.0,38
keepers,Eredivisie,2012-2013,gk_ties,100.0,38
keepers,Eredivisie,2012-2013,gk_losses,100.0,38
keepers,Eredivisie,2012-2013,gk_clean_sheets,100.0,38
keepers,Eredivisie,2012-2013,gk_clean_sheets_pct,94.7,38
keepers,Eredivisie,2012-2013,gk_pens_att,0.0,38
keepers,Eredivisie,2012-2013,gk_pens_allowed,0.0,38
keepers,Eredivisie,2012-2013,gk_pens_saved,0.0,38
keepers,Eredivisie,2012-2013,gk_pens_missed,0.0,38
keepers,Eredivisie,2012-2013,gk_pens_save_pct,0.0,38
keepers,Eredivisie,2012-2013,player_id,100.0,38
keepers,Eredivisie,2012-2013,team_id,100.0,38
keepers,Eredivisie,2013-2014,ranker,100.0,34
keepers,Eredivisie,2013-2014,player,100.0,34
keepers,Eredivisie,2013-2014,nationality,100.0,34
keepers,Eredivisie,2013-2014,position,100.0,34
keepers,Eredivisie,2013-2014,team,100.0,34
keepers,Eredivisie,2013-2014,age,100.0,34
keepers,Eredivisie,2013-2014,birth_year,100.0,34
keepers,Eredivisie,2013-2014,gk_games,100.0,34
keepers,Eredivisie,2013-2014,gk_games_starts,100.0,34
keepers,Eredivisie,2013-2014,gk_minutes,100.0,34
keepers,Eredivisie,2013-2014,minutes_90s,100.0,34
keepers,Eredivisie,2013-2014,gk_goals_against,100.0,34
keepers,Eredivisie,2013-2014,gk_goals_against_per90,100.0,34
keepers,Eredivisie,2013-2014,gk_shots_on_target_against,100.0,34
keepers,Eredivisie,2013-2014,gk_saves,100.0,34
keepers,Eredivisie,2013-2014,gk_save_pct,100.0,34
keepers,Eredivisie,2013-2014,gk_wins,100.0,34
keepers,Eredivisie,2013-2014,gk_ties,100.0,34
keepers,Eredivisie,2013-2014,gk_losses,100.0,34
keepers,Eredivisie,2013-2014,gk_clean_sheets,100.0,34
keepers,Eredivisie,2013-2014,gk_clean_sheets_pct,94.1,34
keepers,Eredivisie,2013-2014,gk_pens_att,0.0,34
keepers,Eredivisie,2013-2014,gk_pens_allowed,0.0,34
keepers,Eredivisie,2013-2014,gk_pens_saved,0.0,34
keepers,Eredivisie,2013-2014,gk_pens_missed,0.0,34
keepers,Eredivisie,2013-2014,gk_pens_save_pct,0.0,34
keepers,Eredivisie,2013-2014,player_id,100.0,34
keepers,Eredivisie,2013-2014,team_id,100.0,34
keepers,Eredivisie,2014-2015,ranker,100.0,36
keepers,Eredivisie,2014-2015,player,100.0,36
keepers,Eredivisie,2014-2015,nationality,100.0,36
keepers,Eredivisie,2014-2015,position,100.0,36
keepers,Eredivisie,2014-2015,team,100.0,36
keepers,Eredivisie,2014-2015,age,100.0,36
keepers,Eredivisie,2014-2015,birth_year,100.0,36
keepers,Eredivisie,2014-2015,gk_games,100.0,36
keepers,Eredivisie,2014-2015,gk_games_starts,100.0,36
keepers,Eredivisie,2014-2015,gk_minutes,100.0,36
keepers,Eredivisie,2014-2015,minutes_90s,100.0,36
keepers,Eredivisie,2014-2015,gk_goals_against,100.0,36
keepers,Eredivisie,2014-2015,gk_goals_against_per90,100.0,36
keepers,Eredivisie,2014-2015,gk_shots_on_target_against,100.0,36
keepers,Eredivisie,2014-2015,gk_saves,100.0,36
keepers,Eredivisie,2014-2015,gk_save_pct,100.0,36
keepers,Eredivisie,2014-2015,gk_wins,100.0,36
keepers,Eredivisie,2014-2015,gk_ties,100.0,36
keepers,Eredivisie,2014-2015,gk_losses,100.0,36
keepers,Eredivisie,2014-2015,gk_clean_sheets,100.0,36
keepers,Eredivisie,2014-2015,gk_clean_sheets_pct,97.2,36
keepers,Eredivisie,2014-2015,gk_pens_att,0.0,36
keepers,Eredivisie,2014-2015,gk_pens_allowed,0.0,36
keepers,Eredivisie,2014-2015,gk_pens_saved,0.0,36
keepers,Eredivisie,2014-2015,gk_pens_missed,0.0,36
keepers,Eredivisie,2014-2015,gk_pens_save_pct,0.0,36
keepers,Eredivisie,2014-2015,player_id,100.0,36
keepers,Eredivisie,2014-2015,team_id,100.0,36
keepers,Eredivisie,2015-2016,ranker,100.0,30
keepers,Eredivisie,2015-2016,player,100.0,30
keepers,Eredivisie,2015-2016,nationality,100.0,30
keepers,Eredivisie,2015-2016,position,100.0,30
keepers,Eredivisie,2015-2016,team,100.0,30
keepers,Eredivisie,2015-2016,age,100.0,30
keepers,Eredivisie,2015-2016,birth_year,100.0,30
keepers,Eredivisie,2015-2016,gk_games,100.0,30
keepers,Eredivisie,2015-2016,gk_games_starts,100.0,30
keepers,Eredivisie,2015-2016,gk_minutes,100.0,30
keepers,Eredivisie,2015-2016,minutes_90s,100.0,30
keepers,Eredivisie,2015-2016,gk_goals_against,100.0,30
keepers,Eredivisie,2015-2016,gk_goals_against_per90,100.0,30
keepers,Eredivisie,2015-2016,gk_shots_on_target_against,100.0,30
keepers,Eredivisie,2015-2016,gk_saves,100.0,30
keepers,Eredivisie,2015-2016,gk_save_pct,100.0,30
keepers,Eredivisie,2015-2016,gk_wins,100.0,30
keepers,Eredivisie,2015-2016,gk_ties,100.0,30
keepers,Eredivisie,2015-2016,gk_losses,100.0,30
keepers,Eredivisie,2015-2016,gk_clean_sheets,100.0,30
keepers,Eredivisie,2015-2016,gk_clean_sheets_pct,96.7,30
keepers,Eredivisie,2015-2016,gk_pens_att,0.0,30
keepers,Eredivisie,2015-2016,gk_pens_allowed,0.0,30
keepers,Eredivisie,2015-2016,gk_pens_saved,0.0,30
keepers,Eredivisie,2015-2016,gk_pens_missed,0.0,30
keepers,Eredivisie,2015-2016,gk_pens_save_pct,0.0,30
keepers,Eredivisie,2015-2016,player_id,100.0,30
keepers,Eredivisie,2015-2016,team_id,100.0,30
keepers,Eredivisie,2016-2017,ranker,100.0,29
keepers,Eredivisie,2016-2017,player,100.0,29
keepers,Eredivisie,2016-2017,nationality,100.0,29
keepers,Eredivisie,2016-2017,position,100.0,29
keepers,Eredivisie,2016-2017,team,100.0,29
keepers,Eredivisie,2016-2017,age,100.0,29
keepers,Eredivisie,2016-2017,birth_year,100.0,29
keepers,Eredivisie,2016-2017,gk_games,100.0,29
keepers,Eredivisie,2016-2017,gk_games_starts,100.0,29
keepers,Eredivisie,2016-2017,gk_minutes,100.0,29
keepers,Eredivisie,2016-2017,minutes_90s,100.0,29
keepers,Eredivisie,2016-2017,gk_goals_against,100.0,29
keepers,Eredivisie,2016-2017,gk_goals_against_per90,100.0,29
keepers,Eredivisie,2016-2017,gk_shots_on_target_against,100.0,29
keepers,Eredivisie,2016-2017,gk_saves,100.0,29
keepers,Eredivisie,2016-2017,gk_save_pct,100.0,29
keepers,Eredivisie,2016-2017,gk_wins,100.0,29
keepers,Eredivisie,2016-2017,gk_ties,100.0,29
keepers,Eredivisie,2016-2017,gk_losses,100.0,29
keepers,Eredivisie,2016-2017,gk_clean_sheets,100.0,29
keepers,Eredivisie,2016-2017,gk_clean_sheets_pct,96.6,29
keepers,Eredivisie,2016-2017,gk_pens_att,100.0,29
keepers,Eredivisie,2016-2017,gk_pens_allowed,100.0,29
keepers,Eredivisie,2016-2017,gk_pens_saved,100.0,29
keepers,Eredivisie,2016-2017,gk_pens_missed,100.0,29
keepers,Eredivisie,2016-2017,gk_pens_save_pct,75.9,29
keepers,Eredivisie,2016-2017,player_id,100.0,29
keepers,Eredivisie,2016-2017,team_id,100.0,29
keepers,Eredivisie,2017-2018,ranker,100.0,38
keepers,Eredivisie,2017-2018,player,100.0,38
keepers,Eredivisie,2017-2018,nationality,100.0,38
keepers,Eredivisie,2017-2018,position,100.0,38
keepers,Eredivisie,2017-2018,team,100.0,38
keepers,Eredivisie,2017-2018,age,100.0,38
keepers,Eredivisie,2017-2018,birth_year,100.0,38
keepers,Eredivisie,2017-2018,gk_games,100.0,38
keepers,Eredivisie,2017-2018,gk_games_starts,100.0,38
keepers,Eredivisie,2017-2018,gk_minutes,100.0,38
keepers,Eredivisie,2017-2018,minutes_90s,100.0,38
keepers,Eredivisie,2017-2018,gk_goals_against,100.0,38
keepers,Eredivisie,2017-2018,gk_goals_against_per90,100.0,38
keepers,Eredivisie,2017-2018,gk_shots_on_target_against,100.0,38
keepers,Eredivisie,2017-2018,gk_saves,100.0,38
keepers,Eredivisie,2017-2018,gk_save_pct,100.0,38
keepers,Eredivisie,2017-2018,gk_wins,100.0,38
keepers,Eredivisie,2017-2018,gk_ties,100.0,38
keepers,Eredivisie,2017-2018,gk_losses,100.0,38
keepers,Eredivisie,2017-2018,gk_clean_sheets,100.0,38
keepers,Eredivisie,2017-2018,gk_clean_sheets_pct,94.7,38
keepers,Eredivisie,2017-2018,gk_pens_att,100.0,38
keepers,Eredivisie,2017-2018,gk_pens_allowed,100.0,38
keepers,Eredivisie,2017-2018,gk_pens_saved,100.0,38
keepers,Eredivisie,2017-2018,gk_pens_missed,100.0,38
keepers,Eredivisie,2017-2018,gk_pens_save_pct,71.1,38
keepers,Eredivisie,2017-2018,player_id,100.0,38
keepers,Eredivisie,2017-2018,team_id,100.0,38
keepers,Eredivisie,2018-2019,ranker,100.0,37
keepers,Eredivisie,2018-2019,player,100.0,37
keepers,Eredivisie,2018-2019,nationality,100.0,37
keepers,Eredivisie,2018-2019,position,100.0,37
keepers,Eredivisie,2018-2019,team,100.0,37
keepers,Eredivisie,2018-2019,age,100.0,37
keepers,Eredivisie,2018-2019,birth_year,100.0,37
keepers,Eredivisie,2018-2019,gk_games,100.0,37
keepers,Eredivisie,2018-2019,gk_games_starts,100.0,37
keepers,Eredivisie,2018-2019,gk_minutes,100.0,37
keepers,Eredivisie,2018-2019,minutes_90s,100.0,37
keepers,Eredivisie,2018-2019,gk_goals_against,100.0,37
keepers,Eredivisie,2018-2019,gk_goals_against_per90,100.0,37
keepers,Eredivisie,2018-2019,gk_shots_on_target_against,0.0,37
keepers,Eredivisie,2018-2019,gk_saves,0.0,37
keepers,Eredivisie,2018-2019,gk_save_pct,0.0,37
keepers,Eredivisie,2018-2019,gk_wins,100.0,37
keepers,Eredivisie,2018-2019,gk_ties,100.0,37
keepers,Eredivisie,2018-2019,gk_losses,100.0,37
keepers,Eredivisie,2018-2019,gk_clean_sheets,100.0,37
keepers,Eredivisie,2018-2019,gk_clean_sheets_pct,94.6,37
keepers,Eredivisie,2018-2019,gk_pens_att,100.0,37
keepers,Eredivisie,2018-2019,gk_pens_allowed,100.0,37
keepers,Eredivisie,2018-2019,gk_pens_saved,100.0,37
keepers,Eredivisie,2018-2019,gk_pens_missed,100.0,37
keepers,Eredivisie,2018-2019,gk_pens_save_pct,64.9,37
keepers,Eredivisie,2018-2019,player_id,100.0,37
keepers,Eredivisie,2018-2019,team_id,100.0,37
keepers,Eredivisie,2019-2020,ranker,100.0,33
keepers,Eredivisie,2019-2020,player,100.0,33
keepers,Eredivisie,2019-2020,nationality,100.0,33
keepers,Eredivisie,2019-2020,position,100.0,33
keepers,Eredivisie,2019-2020,team,100.0,33
keepers,Eredivisie,2019-2020,age,100.0,33
keepers,Eredivisie,2019-2020,birth_year,100.0,33
keepers,Eredivisie,2019-2020,gk_games,100.0,33
keepers,Eredivisie,2019-2020,gk_games_starts,100.0,33
keepers,Eredivisie,2019-2020,gk_minutes,100.0,33
keepers,Eredivisie,2019-2020,minutes_90s,100.0,33
keepers,Eredivisie,2019-2020,gk_goals_against,100.0,33
keepers,Eredivisie,2019-2020,gk_goals_against_per90,100.0,33
keepers,Eredivisie,2019-2020,gk_shots_on_target_against,100.0,33
keepers,Eredivisie,2019-2020,gk_saves,100.0,33
keepers,Eredivisie,2019-2020,gk_save_pct,100.0,33
keepers,Eredivisie,2019-2020,gk_wins,100.0,33
keepers,Eredivisie,2019-2020,gk_ties,100.0,33
keepers,Eredivisie,2019-2020,gk_losses,100.0,33
keepers,Eredivisie,2019-2020,gk_clean_sheets,100.0,33
keepers,Eredivisie,2019-2020,gk_clean_sheets_pct,100.0,33
keepers,Eredivisie,2019-2020,gk_pens_att,100.0,33
keepers,Eredivisie,2019-2020,gk_pens_allowed,100.0,33
keepers,Eredivisie,2019-2020,gk_pens_saved,100.0,33
keepers,Eredivisie,2019-2020,gk_pens_missed,100.0,33
keepers,Eredivisie,2019-2020,gk_pens_save_pct,81.8,33
keepers,Eredivisie,2019-2020,player_id,100.0,33
keepers,Eredivisie,2019-2020,team_id,100.0,33
keepers,Eredivisie,2020-2021,ranker,100.0,38
keepers,Eredivisie,2020-2021,player,100.0,38
keepers,Eredivisie,2020-2021,nationality,100.0,38
keepers,Eredivisie,2020-2021,position,100.0,38
keepers,Eredivisie,2020-2021,team,100.0,38
keepers,Eredivisie,2020-2021,age,100.0,38
keepers,Eredivisie,2020-2021,birth_year,100.0,38
keepers,Eredivisie,2020-2021,gk_games,100.0,38
keepers,Eredivisie,2020-2021,gk_games_starts,100.0,38
keepers,Eredivisie,2020-2021,gk_minutes,100.0,38
keepers,Eredivisie,2020-2021,minutes_90s,100.0,38
keepers,Eredivisie,2020-2021,gk_goals_against,100.0,38
keepers,Eredivisie,2020-2021,gk_goals_against_per90,100.0,38
keepers,Eredivisie,2020-2021,gk_shots_on_target_against,100.0,38
keepers,Eredivisie,2020-2021,gk_saves,100.0,38
keepers,Eredivisie,2020-2021,gk_save_pct,97.4,38
keepers,Eredivisie,2020-2021,gk_wins,100.0,38
keepers,Eredivisie,2020-2021,gk_ties,100.0,38
keepers,Eredivisie,2020-2021,gk_losses,100.0,38
keepers,Eredivisie,2020-2021,gk_clean_sheets,100.0,38
keepers,Eredivisie,2020-2021,gk_clean_sheets_pct,100.0,38
keepers,Eredivisie,2020-2021,gk_pens_att,100.0,38
keepers,Eredivisie,2020-2021,gk_pens_allowed,100.0,38
keepers,Eredivisie,2020-2021,gk_pens_saved,100.0,38
keepers,Eredivisie,2020-2021,gk_pens_missed,100.0,38
keepers,Eredivisie,2020-2021,gk_pens_save_pct,86.8,38
keepers,Eredivisie,2020-2021,player_id,100.0,38
keepers,Eredivisie,2020-2021,team_id,100.0,38
keepers,Eredivisie,2021-2022,ranker,100.0,40
keepers,Eredivisie,2021-2022,player,100.0,40
keepers,Eredivisie,2021-2022,nationality,100.0,40
keepers,Eredivisie,2021-2022,position,100.0,40
keepers,Eredivisie,2021-2022,team,100.0,40
keepers,Eredivisie,2021-2022,age,100.0,40
keepers,Eredivisie,2021-2022,birth_year,100.0,40
keepers,Eredivisie,2021-2022,gk_games,100.0,40
keepers,Eredivisie,2021-2022,gk_games_starts,100.0,40
keepers,Eredivisie,2021-2022,gk_minutes,100.0,40
keepers,Eredivisie,2021-2022,minutes_90s,100.0,40
keepers,Eredivisie,2021-2022,gk_goals_against,100.0,40
keepers,Eredivisie,2021-2022,gk_goals_against_per90,100.0,40
keepers,Eredivisie,2021-2022,gk_shots_on_target_against,100.0,40
keepers,Eredivisie,2021-2022,gk_saves,100.0,40
keepers,Eredivisie,2021-2022,gk_save_pct,100.0,40
keepers,Eredivisie,2021-2022,gk_wins,100.0,40
keepers,Eredivisie,2021-2022,gk_ties,100.0,40
keepers,Eredivisie,2021-2022,gk_losses,100.0,40
keepers,Eredivisie,2021-2022,gk_clean_sheets,100.0,40
keepers,Eredivisie,2021-2022,gk_clean_sheets_pct,97.5,40
keepers,Eredivisie,2021-2022,gk_pens_att,100.0,40
keepers,Eredivisie,2021-2022,gk_pens_allowed,100.0,40
keepers,Eredivisie,2021-2022,gk_pens_saved,100.0,40
keepers,Eredivisie,2021-2022,gk_pens_missed,100.0,40
keepers,Eredivisie,2021-2022,gk_pens_save_pct,55.0,40
keepers,Eredivisie,2021-2022,player_id,100.0,40
keepers,Eredivisie,2021-2022,team_id,100.0,40
keepers,Eredivisie,2022-2023,ranker,100.0,39
keepers,Eredivisie,2022-2023,player,100.0,39
keepers,Eredivisie,2022-2023,nationality,100.0,39
keepers,Eredivisie,2022-2023,position,100.0,39
keepers,Eredivisie,2022-2023,team,100.0,39
keepers,Eredivisie,2022-2023,age,100.0,39
keepers,Eredivisie,2022-2023,birth_year,100.0,39
keepers,Eredivisie,2022-2023,gk_games,100.0,39
keepers,Eredivisie,2022-2023,gk_games_starts,100.0,39
keepers,Eredivisie,2022-2023,gk_minutes,100.0,39
keepers,Eredivisie,2022-2023,minutes_90s,100.0,39
keepers,Eredivisie,2022-2023,gk_goals_against,100.0,39
keepers,Eredivisie,2022-2023,gk_goals_against_per90,100.0,39
keepers,Eredivisie,2022-2023,gk_shots_on_target_against,100.0,39
keepers,Eredivisie,2022-2023,gk_saves,100.0,39
keepers,Eredivisie,2022-2023,gk_save_pct,97.4,39
keepers,Eredivisie,2022-2023,gk_wins,100.0,39
keepers,Eredivisie,2022-2023,gk_ties,100.0,39
keepers,Eredivisie,2022-2023,gk_losses,100.0,39
keepers,Eredivisie,2022-2023,gk_clean_sheets,100.0,39
keepers,Eredivisie,2022-2023,gk_clean_sheets_pct,94.9,39
keepers,Eredivisie,2022-2023,gk_pens_att,100.0,39
keepers,Eredivisie,2022-2023,gk_pens_allowed,100.0,39
keepers,Eredivisie,2022-2023,gk_pens_saved,100.0,39
keepers,Eredivisie,2022-2023,gk_pens_missed,100.0,39
keepers,Eredivisie,2022-2023,gk_pens_save_pct,66.7,39
keepers,Eredivisie,2022-2023,player_id,100.0,39
keepers,Eredivisie,2022-2023,team_id,100.0,39
keepers,Eredivisie,2023-2024,ranker,100.0,38
keepers,Eredivisie,2023-2024,player,100.0,38
keepers,Eredivisie,2023-2024,nationality,100.0,38
keepers,Eredivisie,2023-2024,position,100.0,38
keepers,Eredivisie,2023-2024,team,100.0,38
keepers,Eredivisie,2023-2024,age,100.0,38
keepers,Eredivisie,2023-2024,birth_year,100.0,38
keepers,Eredivisie,2023-2024,gk_games,100.0,38
keepers,Eredivisie,2023-2024,gk_games_starts,100.0,38
keepers,Eredivisie,2023-2024,gk_minutes,100.0,38
keepers,Eredivisie,2023-2024,minutes_90s,100.0,38
keepers,Eredivisie,2023-2024,gk_goals_against,100.0,38
keepers,Eredivisie,2023-2024,gk_goals_against_per90,100.0,38
keepers,Eredivisie,2023-2024,gk_shots_on_target_against,100.0,38
keepers,Eredivisie,2023-2024,gk_saves,100.0,38
keepers,Eredivisie,2023-2024,gk_save_pct,100.0,38
keepers,Eredivisie,2023-2024,gk_wins,100.0,38
keepers,Eredivisie,2023-2024,gk_ties,100.0,38
keepers,Eredivisie,2023-2024,gk_losses,100.0,38
keepers,Eredivisie,2023-2024,gk_clean_sheets,100.0,38
keepers,Eredivisie,2023-2024,gk_clean_sheets_pct,97.4,38
keepers,Eredivisie,2023-2024,gk_pens_att,100.0,38
keepers,Eredivisie,2023-2024,gk_pens_allowed,100.0,38
keepers,Eredivisie,2023-2024,gk_pens_saved,100.0,38
keepers,Eredivisie,2023-2024,gk_pens_missed,100.0,38
keepers,Eredivisie,2023-2024,gk_pens_save_pct,63.2,38
keepers,Eredivisie,2023-2024,player_id,100.0,38
keepers,Eredivisie,2023-2024,team_id,100.0,38
keepers,Eredivisie,2024-2025,ranker,100.0,38
keepers,Eredivisie,2024-2025,player,100.0,38
keepers,Eredivisie,2024-2025,nationality,100.0,38
keepers,Eredivisie,2024-2025,position,100.0,38
keepers,Eredivisie,2024-2025,team,100.0,38
keepers,Eredivisie,2024-2025,age,100.0,38
keepers,Eredivisie,2024-2025,birth_year,100.0,38
keepers,Eredivisie,2024-2025,gk_games,100.0,38
keepers,Eredivisie,2024-2025,gk_games_starts,100.0,38
keepers,Eredivisie,2024-2025,gk_minutes,100.0,38
keepers,Eredivisie,2024-2025,minutes_90s,100.0,38
keepers,Eredivisie,2024-2025,gk_goals_against,100.0,38
keepers,Eredivisie,2024-2025,gk_goals_against_per90,100.0,38
keepers,Eredivisie,2024-2025,gk_shots_on_target_against,100.0,38
keepers,Eredivisie,2024-2025,gk_saves,100.0,38
keepers,Eredivisie,2024-2025,gk_save_pct,94.7,38
keepers,Eredivisie,2024-2025,gk_wins,100.0,38
keepers,Eredivisie,2024-2025,gk_ties,100.0,38
keepers,Eredivisie,2024-2025,gk_losses,100.0,38
keepers,Eredivisie,2024-2025,gk_clean_sheets,100.0,38
keepers,Eredivisie,2024-2025,gk_clean_sheets_pct,94.7,38
keepers,Eredivisie,2024-2025,gk_pens_att,100.0,38
keepers,Eredivisie,2024-2025,gk_pens_allowed,100.0,38
keepers,Eredivisie,2024-2025,gk_pens_saved,100.0,38
keepers,Eredivisie,2024-2025,gk_pens_missed,100.0,38
keepers,Eredivisie,2024-2025,gk_pens_save_pct,68.4,38
keepers,Eredivisie,2024-2025,player_id,100.0,38
keepers,Eredivisie,2024-2025,team_id,100.0,38
keepers,Eredivisie,2025-2026,ranker,100.0,42
keepers,Eredivisie,2025-2026,player,100.0,42
keepers,Eredivisie,2025-2026,nationality,97.6,42
keepers,Eredivisie,2025-2026,position,100.0,42
keepers,Eredivisie,2025-2026,team,100.0,42
keepers,Eredivisie,2025-2026,age,97.6,42
keepers,Eredivisie,2025-2026,birth_year,97.6,42
keepers,Eredivisie,2025-2026,gk_games,100.0,42
keepers,Eredivisie,2025-2026,gk_games_starts,100.0,42
keepers,Eredivisie,2025-2026,gk_minutes,100.0,42
keepers,Eredivisie,2025-2026,minutes_90s,100.0,42
keepers,Eredivisie,2025-2026,gk_goals_against,100.0,42
keepers,Eredivisie,2025-2026,gk_goals_against_per90,100.0,42
keepers,Eredivisie,2025-2026,gk_shots_on_target_against,100.0,42
keepers,Eredivisie,2025-2026,gk_saves,100.0,42
keepers,Eredivisie,2025-2026,gk_save_pct,97.6,42
keepers,Eredivisie,2025-2026,gk_wins,100.0,42
keepers,Eredivisie,2025-2026,gk_ties,100.0,42
keepers,Eredivisie,2025-2026,gk_losses,100.0,42
keepers,Eredivisie,2025-2026,gk_clean_sheets,100.0,42
keepers,Eredivisie,2025-2026,gk_clean_sheets_pct,95.2,42
keepers,Eredivisie,2025-2026,gk_pens_att,100.0,42
keepers,Eredivisie,2025-2026,gk_pens_allowed,100.0,42
keepers,Eredivisie,2025-2026,gk_pens_saved,100.0,42
keepers,Eredivisie,2025-2026,gk_pens_missed,100.0,42
keepers,Eredivisie,2025-2026,gk_pens_save_pct,66.7,42
keepers,Eredivisie,2025-2026,player_id,100.0,42
keepers,Eredivisie,2025-2026,team_id,100.0,42
keepers,La Liga,2010-2011,ranker,100.0,45
keepers,La Liga,2010-2011,player,100.0,45
keepers,La Liga,2010-2011,nationality,100.0,45
keepers,La Liga,2010-2011,position,100.0,45
keepers,La Liga,2010-2011,team,100.0,45
keepers,La Liga,2010-2011,age,100.0,45
keepers,La Liga,2010-2011,birth_year,100.0,45
keepers,La Liga,2010-2011,gk_games,100.0,45
keepers,La Liga,2010-2011,gk_games_starts,100.0,45
keepers,La Liga,2010-2011,gk_minutes,100.0,45
keepers,La Liga,2010-2011,minutes_90s,100.0,45
keepers,La Liga,2010-2011,gk_goals_against,97.8,45
keepers,La Liga,2010-2011,gk_goals_against_per90,97.8,45
keepers,La Liga,2010-2011,gk_shots_on_target_against,97.8,45
keepers,La Liga,2010-2011,gk_saves,97.8,45
keepers,La Liga,2010-2011,gk_save_pct,95.6,45
keepers,La Liga,2010-2011,gk_wins,97.8,45
keepers,La Liga,2010-2011,gk_ties,97.8,45
keepers,La Liga,2010-2011,gk_losses,97.8,45
keepers,La Liga,2010-2011,gk_clean_sheets,97.8,45
keepers,La Liga,2010-2011,gk_clean_sheets_pct,95.6,45
keepers,La Liga,2010-2011,gk_pens_att,0.0,45
keepers,La Liga,2010-2011,gk_pens_allowed,0.0,45
keepers,La Liga,2010-2011,gk_pens_saved,0.0,45
keepers,La Liga,2010-2011,gk_pens_missed,0.0,45
keepers,La Liga,2010-2011,gk_pens_save_pct,0.0,45
keepers,La Liga,2010-2011,player_id,100.0,45
keepers,La Liga,2010-2011,team_id,100.0,45
keepers,La Liga,2011-2012,ranker,100.0,43
keepers,La Liga,2011-2012,player,100.0,43
keepers,La Liga,2011-2012,nationality,100.0,43
keepers,La Liga,2011-2012,position,100.0,43
keepers,La Liga,2011-2012,team,100.0,43
keepers,La Liga,2011-2012,age,100.0,43
keepers,La Liga,2011-2012,birth_year,100.0,43
keepers,La Liga,2011-2012,gk_games,100.0,43
keepers,La Liga,2011-2012,gk_games_starts,100.0,43
keepers,La Liga,2011-2012,gk_minutes,100.0,43
keepers,La Liga,2011-2012,minutes_90s,100.0,43
keepers,La Liga,2011-2012,gk_goals_against,100.0,43
keepers,La Liga,2011-2012,gk_goals_against_per90,100.0,43
keepers,La Liga,2011-2012,gk_shots_on_target_against,100.0,43
keepers,La Liga,2011-2012,gk_saves,100.0,43
keepers,La Liga,2011-2012,gk_save_pct,100.0,43
keepers,La Liga,2011-2012,gk_wins,100.0,43
keepers,La Liga,2011-2012,gk_ties,100.0,43
keepers,La Liga,2011-2012,gk_losses,100.0,43
keepers,La Liga,2011-2012,gk_clean_sheets,100.0,43
keepers,La Liga,2011-2012,gk_clean_sheets_pct,100.0,43
keepers,La Liga,2011-2012,gk_pens_att,0.0,43
keepers,La Liga,2011-2012,gk_pens_allowed,0.0,43
keepers,La Liga,2011-2012,gk_pens_saved,0.0,43
keepers,La Liga,2011-2012,gk_pens_missed,0.0,43
keepers,La Liga,2011-2012,gk_pens_save_pct,0.0,43
keepers,La Liga,2011-2012,player_id,100.0,43
keepers,La Liga,2011-2012,team_id,100.0,43
keepers,La Liga,2012-2013,ranker,100.0,50
keepers,La Liga,2012-2013,player,100.0,50
keepers,La Liga,2012-2013,nationality,100.0,50
keepers,La Liga,2012-2013,position,100.0,50
keepers,La Liga,2012-2013,team,100.0,50
keepers,La Liga,2012-2013,age,100.0,50
keepers,La Liga,2012-2013,birth_year,100.0,50
keepers,La Liga,2012-2013,gk_games,100.0,50
keepers,La Liga,2012-2013,gk_games_starts,100.0,50
keepers,La Liga,2012-2013,gk_minutes,100.0,50
keepers,La Liga,2012-2013,minutes_90s,100.0,50
keepers,La Liga,2012-2013,gk_goals_against,100.0,50
keepers,La Liga,2012-2013,gk_goals_against_per90,100.0,50
keepers,La Liga,2012-2013,gk_shots_on_target_against,100.0,50
keepers,La Liga,2012-2013,gk_saves,100.0,50
keepers,La Liga,2012-2013,gk_save_pct,100.0,50
keepers,La Liga,2012-2013,gk_wins,100.0,50
keepers,La Liga,2012-2013,gk_ties,100.0,50
keepers,La Liga,2012-2013,gk_losses,100.0,50
keepers,La Liga,2012-2013,gk_clean_sheets,100.0,50
keepers,La Liga,2012-2013,gk_clean_sheets_pct,96.0,50
keepers,La Liga,2012-2013,gk_pens_att,0.0,50
keepers,La Liga,2012-2013,gk_pens_allowed,0.0,50
keepers,La Liga,2012-2013,gk_pens_saved,0.0,50
keepers,La Liga,2012-2013,gk_pens_missed,0.0,50
keepers,La Liga,2012-2013,gk_pens_save_pct,0.0,50
keepers,La Liga,2012-2013,player_id,100.0,50
keepers,La Liga,2012-2013,team_id,100.0,50
keepers,La Liga,2013-2014,ranker,100.0,42
keepers,La Liga,2013-2014,player,100.0,42
keepers,La Liga,2013-2014,nationality,100.0,42
keepers,La Liga,2013-2014,position,100.0,42
keepers,La Liga,2013-2014,team,100.0,42
keepers,La Liga,2013-2014,age,100.0,42
keepers,La Liga,2013-2014,birth_year,100.0,42
keepers,La Liga,2013-2014,gk_games,100.0,42
keepers,La Liga,2013-2014,gk_games_starts,100.0,42
keepers,La Liga,2013-2014,gk_minutes,100.0,42
keepers,La Liga,2013-2014,minutes_90s,100.0,42
keepers,La Liga,2013-2014,gk_goals_against,100.0,42
keepers,La Liga,2013-2014,gk_goals_against_per90,100.0,42
keepers,La Liga,2013-2014,gk_shots_on_target_against,100.0,42
keepers,La Liga,2013-2014,gk_saves,100.0,42
keepers,La Liga,2013-2014,gk_save_pct,97.6,42
keepers,La Liga,2013-2014,gk_wins,100.0,42
keepers,La Liga,2013-2014,gk_ties,100.0,42
keepers,La Liga,2013-2014,gk_losses,100.0,42
keepers,La Liga,2013-2014,gk_clean_sheets,100.0,42
keepers,La Liga,2013-2014,gk_clean_sheets_pct,95.2,42
keepers,La Liga,2013-2014,gk_pens_att,0.0,42
keepers,La Liga,2013-2014,gk_pens_allowed,0.0,42
keepers,La Liga,2013-2014,gk_pens_saved,0.0,42
keepers,La Liga,2013-2014,gk_pens_missed,0.0,42
keepers,La Liga,2013-2014,gk_pens_save_pct,0.0,42
keepers,La Liga,2013-2014,player_id,100.0,42
keepers,La Liga,2013-2014,team_id,100.0,42
keepers,La Liga,2014-2015,ranker,100.0,43
keepers,La Liga,2014-2015,player,100.0,43
keepers,La Liga,2014-2015,nationality,100.0,43
keepers,La Liga,2014-2015,position,100.0,43
keepers,La Liga,2014-2015,team,100.0,43
keepers,La Liga,2014-2015,age,100.0,43
keepers,La Liga,2014-2015,birth_year,100.0,43
keepers,La Liga,2014-2015,gk_games,100.0,43
keepers,La Liga,2014-2015,gk_games_starts,100.0,43
keepers,La Liga,2014-2015,gk_minutes,100.0,43
keepers,La Liga,2014-2015,minutes_90s,100.0,43
keepers,La Liga,2014-2015,gk_goals_against,100.0,43
keepers,La Liga,2014-2015,gk_goals_against_per90,100.0,43
keepers,La Liga,2014-2015,gk_shots_on_target_against,100.0,43
keepers,La Liga,2014-2015,gk_saves,100.0,43
keepers,La Liga,2014-2015,gk_save_pct,100.0,43
keepers,La Liga,2014-2015,gk_wins,100.0,43
keepers,La Liga,2014-2015,gk_ties,100.0,43
keepers,La Liga,2014-2015,gk_losses,100.0,43
keepers,La Liga,2014-2015,gk_clean_sheets,100.0,43
keepers,La Liga,2014-2015,gk_clean_sheets_pct,97.7,43
keepers,La Liga,2014-2015,gk_pens_att,0.0,43
keepers,La Liga,2014-2015,gk_pens_allowed,0.0,43
keepers,La Liga,2014-2015,gk_pens_saved,0.0,43
keepers,La Liga,2014-2015,gk_pens_missed,0.0,43
keepers,La Liga,2014-2015,gk_pens_save_pct,0.0,43
keepers,La Liga,2014-2015,player_id,100.0,43
keepers,La Liga,2014-2015,team_id,100.0,43
keepers,La Liga,2015-2016,ranker,100.0,43
keepers,La Liga,2015-2016,player,100.0,43
keepers,La Liga,2015-2016,nationality,100.0,43
keepers,La Liga,2015-2016,position,100.0,43
keepers,La Liga,2015-2016,team,100.0,43
keepers,La Liga,2015-2016,age,100.0,43
keepers,La Liga,2015-2016,birth_year,100.0,43
keepers,La Liga,2015-2016,gk_games,100.0,43
keepers,La Liga,2015-2016,gk_games_starts,100.0,43
keepers,La Liga,2015-2016,gk_minutes,100.0,43
keepers,La Liga,2015-2016,minutes_90s,100.0,43
keepers,La Liga,2015-2016,gk_goals_against,100.0,43
keepers,La Liga,2015-2016,gk_goals_against_per90,100.0,43
keepers,La Liga,2015-2016,gk_shots_on_target_against,100.0,43
keepers,La Liga,2015-2016,gk_saves,100.0,43
keepers,La Liga,2015-2016,gk_save_pct,97.7,43
keepers,La Liga,2015-2016,gk_wins,100.0,43
keepers,La Liga,2015-2016,gk_ties,100.0,43
keepers,La Liga,2015-2016,gk_losses,100.0,43
keepers,La Liga,2015-2016,gk_clean_sheets,100.0,43
keepers,La Liga,2015-2016,gk_clean_sheets_pct,97.7,43
keepers,La Liga,2015-2016,gk_pens_att,100.0,43
keepers,La Liga,2015-2016,gk_pens_allowed,100.0,43
keepers,La Liga,2015-2016,gk_pens_saved,100.0,43
keepers,La Liga,2015-2016,gk_pens_missed,100.0,43
keepers,La Liga,2015-2016,gk_pens_save_pct,74.4,43
keepers,La Liga,2015-2016,player_id,100.0,43
keepers,La Liga,2015-2016,team_id,100.0,43
keepers,La Liga,2016-2017,ranker,100.0,49
keepers,La Liga,2016-2017,player,100.0,49
keepers,La Liga,2016-2017,nationality,100.0,49
keepers,La Liga,2016-2017,position,100.0,49
keepers,La Liga,2016-2017,team,100.0,49
keepers,La Liga,2016-2017,age,100.0,49
keepers,La Liga,2016-2017,birth_year,100.0,49
keepers,La Liga,2016-2017,gk_games,100.0,49
keepers,La Liga,2016-2017,gk_games_starts,100.0,49
keepers,La Liga,2016-2017,gk_minutes,100.0,49
keepers,La Liga,2016-2017,minutes_90s,100.0,49
keepers,La Liga,2016-2017,gk_goals_against,100.0,49
keepers,La Liga,2016-2017,gk_goals_against_per90,100.0,49
keepers,La Liga,2016-2017,gk_shots_on_target_against,100.0,49
keepers,La Liga,2016-2017,gk_saves,100.0,49
keepers,La Liga,2016-2017,gk_save_pct,100.0,49
keepers,La Liga,2016-2017,gk_wins,100.0,49
keepers,La Liga,2016-2017,gk_ties,100.0,49
keepers,La Liga,2016-2017,gk_losses,100.0,49
keepers,La Liga,2016-2017,gk_clean_sheets,100.0,49
keepers,La Liga,2016-2017,gk_clean_sheets_pct,91.8,49
keepers,La Liga,2016-2017,gk_pens_att,100.0,49
keepers,La Liga,2016-2017,gk_pens_allowed,100.0,49
keepers,La Liga,2016-2017,gk_pens_saved,100.0,49
keepers,La Liga,2016-2017,gk_pens_missed,100.0,49
keepers,La Liga,2016-2017,gk_pens_save_pct,63.3,49
keepers,La Liga,2016-2017,player_id,100.0,49
keepers,La Liga,2016-2017,team_id,100.0,49
keepers,La Liga,2017-2018,ranker,100.0,51
keepers,La Liga,2017-2018,player,100.0,51
keepers,La Liga,2017-2018,nationality,100.0,51
keepers,La Liga,2017-2018,position,100.0,51
keepers,La Liga,2017-2018,team,100.0,51
keepers,La Liga,2017-2018,age,100.0,51
keepers,La Liga,2017-2018,birth_year,100.0,51
keepers,La Liga,2017-2018,gk_games,100.0,51
keepers,La Liga,2017-2018,gk_games_starts,100.0,51
keepers,La Liga,2017-2018,gk_minutes,98.0,51
keepers,La Liga,2017-2018,minutes_90s,100.0,51
keepers,La Liga,2017-2018,gk_goals_against,100.0,51
keepers,La Liga,2017-2018,gk_goals_against_per90,98.0,51
keepers,La Liga,2017-2018,gk_shots_on_target_against,100.0,51
keepers,La Liga,2017-2018,gk_saves,100.0,51
keepers,La Liga,2017-2018,gk_save_pct,98.0,51
keepers,La Liga,2017-2018,gk_wins,100.0,51
keepers,La Liga,2017-2018,gk_ties,100.0,51
keepers,La Liga,2017-2018,gk_losses,100.0,51
keepers,La Liga,2017-2018,gk_clean_sheets,100.0,51
keepers,La Liga,2017-2018,gk_clean_sheets_pct,98.0,51
keepers,La Liga,2017-2018,gk_pens_att,100.0,51
keepers,La Liga,2017-2018,gk_pens_allowed,100.0,51
keepers,La Liga,2017-2018,gk_pens_saved,100.0,51
keepers,La Liga,2017-2018,gk_pens_missed,100.0,51
keepers,La Liga,2017-2018,gk_pens_save_pct,64.7,51
keepers,La Liga,2017-2018,player_id,100.0,51
keepers,La Liga,2017-2018,team_id,100.0,51
keepers,La Liga,2018-2019,ranker,100.0,43
keepers,La Liga,2018-2019,player,100.0,43
keepers,La Liga,2018-2019,nationality,100.0,43
keepers,La Liga,2018-2019,position,100.0,43
keepers,La Liga,2018-2019,team,100.0,43
keepers,La Liga,2018-2019,age,100.0,43
keepers,La Liga,2018-2019,birth_year,100.0,43
keepers,La Liga,2018-2019,gk_games,100.0,43
keepers,La Liga,2018-2019,gk_games_starts,100.0,43
keepers,La Liga,2018-2019,gk_minutes,100.0,43
keepers,La Liga,2018-2019,minutes_90s,100.0,43
keepers,La Liga,2018-2019,gk_goals_against,100.0,43
keepers,La Liga,2018-2019,gk_goals_against_per90,100.0,43
keepers,La Liga,2018-2019,gk_shots_on_target_against,100.0,43
keepers,La Liga,2018-2019,gk_saves,100.0,43
keepers,La Liga,2018-2019,gk_save_pct,100.0,43
keepers,La Liga,2018-2019,gk_wins,100.0,43
keepers,La Liga,2018-2019,gk_ties,100.0,43
keepers,La Liga,2018-2019,gk_losses,100.0,43
keepers,La Liga,2018-2019,gk_clean_sheets,100.0,43
keepers,La Liga,2018-2019,gk_clean_sheets_pct,100.0,43
keepers,La Liga,2018-2019,gk_pens_att,100.0,43
keepers,La Liga,2018-2019,gk_pens_allowed,100.0,43
keepers,La Liga,2018-2019,gk_pens_saved,100.0,43
keepers,La Liga,2018-2019,gk_pens_missed,100.0,43
keepers,La Liga,2018-2019,gk_pens_save_pct,79.1,43
keepers,La Liga,2018-2019,player_id,100.0,43
keepers,La Liga,2018-2019,team_id,100.0,43
keepers,La Liga,2019-2020,ranker,100.0,44
keepers,La Liga,2019-2020,player,100.0,44
keepers,La Liga,2019-2020,nationality,100.0,44
keepers,La Liga,2019-2020,position,100.0,44
keepers,La Liga,2019-2020,team,100.0,44
keepers,La Liga,2019-2020,age,100.0,44
keepers,La Liga,2019-2020,birth_year,100.0,44
keepers,La Liga,2019-2020,gk_games,100.0,44
keepers,La Liga,2019-2020,gk_games_starts,100.0,44
keepers,La Liga,2019-2020,gk_minutes,100.0,44
keepers,La Liga,2019-2020,minutes_90s,100.0,44
keepers,La Liga,2019-2020,gk_goals_against,100.0,44
keepers,La Liga,2019-2020,gk_goals_against_per90,100.0,44
keepers,La Liga,2019-2020,gk_shots_on_target_against,100.0,44
keepers,La Liga,2019-2020,gk_saves,100.0,44
keepers,La Liga,2019-2020,gk_save_pct,100.0,44
keepers,La Liga,2019-2020,gk_wins,100.0,44
keepers,La Liga,2019-2020,gk_ties,100.0,44
keepers,La Liga,2019-2020,gk_losses,100.0,44
keepers,La Liga,2019-2020,gk_clean_sheets,100.0,44
keepers,La Liga,2019-2020,gk_clean_sheets_pct,95.5,44
keepers,La Liga,2019-2020,gk_pens_att,100.0,44
keepers,La Liga,2019-2020,gk_pens_allowed,100.0,44
keepers,La Liga,2019-2020,gk_pens_saved,100.0,44
keepers,La Liga,2019-2020,gk_pens_missed,100.0,44
keepers,La Liga,2019-2020,gk_pens_save_pct,70.5,44
keepers,La Liga,2019-2020,player_id,100.0,44
keepers,La Liga,2019-2020,team_id,100.0,44
keepers,La Liga,2020-2021,ranker,100.0,41
keepers,La Liga,2020-2021,player,100.0,41
keepers,La Liga,2020-2021,nationality,100.0,41
keepers,La Liga,2020-2021,position,100.0,41
keepers,La Liga,2020-2021,team,100.0,41
keepers,La Liga,2020-2021,age,100.0,41
keepers,La Liga,2020-2021,birth_year,100.0,41
keepers,La Liga,2020-2021,gk_games,100.0,41
keepers,La Liga,2020-2021,gk_games_starts,100.0,41
keepers,La Liga,2020-2021,gk_minutes,100.0,41
keepers,La Liga,2020-2021,minutes_90s,100.0,41
keepers,La Liga,2020-2021,gk_goals_against,100.0,41
keepers,La Liga,2020-2021,gk_goals_against_per90,100.0,41
keepers,La Liga,2020-2021,gk_shots_on_target_against,100.0,41
keepers,La Liga,2020-2021,gk_saves,100.0,41
keepers,La Liga,2020-2021,gk_save_pct,100.0,41
keepers,La Liga,2020-2021,gk_wins,100.0,41
keepers,La Liga,2020-2021,gk_ties,100.0,41
keepers,La Liga,2020-2021,gk_losses,100.0,41
keepers,La Liga,2020-2021,gk_clean_sheets,100.0,41
keepers,La Liga,2020-2021,gk_clean_sheets_pct,100.0,41
keepers,La Liga,2020-2021,gk_pens_att,100.0,41
keepers,La Liga,2020-2021,gk_pens_allowed,100.0,41
keepers,La Liga,2020-2021,gk_pens_saved,100.0,41
keepers,La Liga,2020-2021,gk_pens_missed,100.0,41
keepers,La Liga,2020-2021,gk_pens_save_pct,75.6,41
keepers,La Liga,2020-2021,player_id,100.0,41
keepers,La Liga,2020-2021,team_id,100.0,41
keepers,La Liga,2021-2022,ranker,100.0,45
keepers,La Liga,2021-2022,player,100.0,45
keepers,La Liga,2021-2022,nationality,100.0,45
keepers,La Liga,2021-2022,position,100.0,45
keepers,La Liga,2021-2022,team,100.0,45
keepers,La Liga,2021-2022,age,100.0,45
keepers,La Liga,2021-2022,birth_year,100.0,45
keepers,La Liga,2021-2022,gk_games,100.0,45
keepers,La Liga,2021-2022,gk_games_starts,100.0,45
keepers,La Liga,2021-2022,gk_minutes,100.0,45
keepers,La Liga,2021-2022,minutes_90s,100.0,45
keepers,La Liga,2021-2022,gk_goals_against,100.0,45
keepers,La Liga,2021-2022,gk_goals_against_per90,100.0,45
keepers,La Liga,2021-2022,gk_shots_on_target_against,100.0,45
keepers,La Liga,2021-2022,gk_saves,100.0,45
keepers,La Liga,2021-2022,gk_save_pct,95.6,45
keepers,La Liga,2021-2022,gk_wins,100.0,45
keepers,La Liga,2021-2022,gk_ties,100.0,45
keepers,La Liga,2021-2022,gk_losses,100.0,45
keepers,La Liga,2021-2022,gk_clean_sheets,100.0,45
keepers,La Liga,2021-2022,gk_clean_sheets_pct,97.8,45
keepers,La Liga,2021-2022,gk_pens_att,100.0,45
keepers,La Liga,2021-2022,gk_pens_allowed,100.0,45
keepers,La Liga,2021-2022,gk_pens_saved,100.0,45
keepers,La Liga,2021-2022,gk_pens_missed,100.0,45
keepers,La Liga,2021-2022,gk_pens_save_pct,68.9,45
keepers,La Liga,2021-2022,player_id,100.0,45
keepers,La Liga,2021-2022,team_id,100.0,45
keepers,La Liga,2022-2023,ranker,100.0,44
keepers,La Liga,2022-2023,player,100.0,44
keepers,La Liga,2022-2023,nationality,100.0,44
keepers,La Liga,2022-2023,position,100.0,44
keepers,La Liga,2022-2023,team,100.0,44
keepers,La Liga,2022-2023,age,100.0,44
keepers,La Liga,2022-2023,birth_year,100.0,44
keepers,La Liga,2022-2023,gk_games,100.0,44
keepers,La Liga,2022-2023,gk_games_starts,100.0,44
keepers,La Liga,2022-2023,gk_minutes,100.0,44
keepers,La Liga,2022-2023,minutes_90s,100.0,44
keepers,La Liga,2022-2023,gk_goals_against,100.0,44
keepers,La Liga,2022-2023,gk_goals_against_per90,100.0,44
keepers,La Liga,2022-2023,gk_shots_on_target_against,100.0,44
keepers,La Liga,2022-2023,gk_saves,100.0,44
keepers,La Liga,2022-2023,gk_save_pct,100.0,44
keepers,La Liga,2022-2023,gk_wins,100.0,44
keepers,La Liga,2022-2023,gk_ties,100.0,44
keepers,La Liga,2022-2023,gk_losses,100.0,44
keepers,La Liga,2022-2023,gk_clean_sheets,100.0,44
keepers,La Liga,2022-2023,gk_clean_sheets_pct,90.9,44
keepers,La Liga,2022-2023,gk_pens_att,100.0,44
keepers,La Liga,2022-2023,gk_pens_allowed,100.0,44
keepers,La Liga,2022-2023,gk_pens_saved,100.0,44
keepers,La Liga,2022-2023,gk_pens_missed,100.0,44
keepers,La Liga,2022-2023,gk_pens_save_pct,61.4,44
keepers,La Liga,2022-2023,player_id,100.0,44
keepers,La Liga,2022-2023,team_id,100.0,44
keepers,La Liga,2023-2024,ranker,100.0,46
keepers,La Liga,2023-2024,player,100.0,46
keepers,La Liga,2023-2024,nationality,100.0,46
keepers,La Liga,2023-2024,position,100.0,46
keepers,La Liga,2023-2024,team,100.0,46
keepers,La Liga,2023-2024,age,100.0,46
keepers,La Liga,2023-2024,birth_year,100.0,46
keepers,La Liga,2023-2024,gk_games,100.0,46
keepers,La Liga,2023-2024,gk_games_starts,100.0,46
keepers,La Liga,2023-2024,gk_minutes,100.0,46
keepers,La Liga,2023-2024,minutes_90s,100.0,46
keepers,La Liga,2023-2024,gk_goals_against,100.0,46
keepers,La Liga,2023-2024,gk_goals_against_per90,100.0,46
keepers,La Liga,2023-2024,gk_shots_on_target_against,100.0,46
keepers,La Liga,2023-2024,gk_saves,100.0,46
keepers,La Liga,2023-2024,gk_save_pct,100.0,46
keepers,La Liga,2023-2024,gk_wins,100.0,46
keepers,La Liga,2023-2024,gk_ties,100.0,46
keepers,La Liga,2023-2024,gk_losses,100.0,46
keepers,La Liga,2023-2024,gk_clean_sheets,100.0,46
keepers,La Liga,2023-2024,gk_clean_sheets_pct,95.7,46
keepers,La Liga,2023-2024,gk_pens_att,100.0,46
keepers,La Liga,2023-2024,gk_pens_allowed,100.0,46
keepers,La Liga,2023-2024,gk_pens_saved,100.0,46
keepers,La Liga,2023-2024,gk_pens_missed,100.0,46
keepers,La Liga,2023-2024,gk_pens_save_pct,56.5,46
keepers,La Liga,2023-2024,player_id,100.0,46
keepers,La Liga,2023-2024,team_id,100.0,46
keepers,La Liga,2024-2025,ranker,100.0,45
keepers,La Liga,2024-2025,player,100.0,45
keepers,La Liga,2024-2025,nationality,100.0,45
keepers,La Liga,2024-2025,position,100.0,45
keepers,La Liga,2024-2025,team,100.0,45
keepers,La Liga,2024-2025,age,100.0,45
keepers,La Liga,2024-2025,birth_year,100.0,45
keepers,La Liga,2024-2025,gk_games,100.0,45
keepers,La Liga,2024-2025,gk_games_starts,100.0,45
keepers,La Liga,2024-2025,gk_minutes,100.0,45
keepers,La Liga,2024-2025,minutes_90s,100.0,45
keepers,La Liga,2024-2025,gk_goals_against,100.0,45
keepers,La Liga,2024-2025,gk_goals_against_per90,100.0,45
keepers,La Liga,2024-2025,gk_shots_on_target_against,100.0,45
keepers,La Liga,2024-2025,gk_saves,100.0,45
keepers,La Liga,2024-2025,gk_save_pct,100.0,45
keepers,La Liga,2024-2025,gk_wins,100.0,45
keepers,La Liga,2024-2025,gk_ties,100.0,45
keepers,La Liga,2024-2025,gk_losses,100.0,45
keepers,La Liga,2024-2025,gk_clean_sheets,100.0,45
keepers,La Liga,2024-2025,gk_clean_sheets_pct,97.8,45
keepers,La Liga,2024-2025,gk_pens_att,100.0,45
keepers,La Liga,2024-2025,gk_pens_allowed,100.0,45
keepers,La Liga,2024-2025,gk_pens_saved,100.0,45
keepers,La Liga,2024-2025,gk_pens_missed,100.0,45
keepers,La Liga,2024-2025,gk_pens_save_pct,80.0,45
keepers,La Liga,2024-2025,player_id,100.0,45
keepers,La Liga,2024-2025,team_id,100.0,45
keepers,La Liga,2025-2026,ranker,100.0,39
keepers,La Liga,2025-2026,player,100.0,39
keepers,La Liga,2025-2026,nationality,100.0,39
keepers,La Liga,2025-2026,position,100.0,39
keepers,La Liga,2025-2026,team,100.0,39
keepers,La Liga,2025-2026,age,100.0,39
keepers,La Liga,2025-2026,birth_year,100.0,39
keepers,La Liga,2025-2026,gk_games,100.0,39
keepers,La Liga,2025-2026,gk_games_starts,100.0,39
keepers,La Liga,2025-2026,gk_minutes,100.0,39
keepers,La Liga,2025-2026,minutes_90s,100.0,39
keepers,La Liga,2025-2026,gk_goals_against,100.0,39
keepers,La Liga,2025-2026,gk_goals_against_per90,100.0,39
keepers,La Liga,2025-2026,gk_shots_on_target_against,100.0,39
keepers,La Liga,2025-2026,gk_saves,100.0,39
keepers,La Liga,2025-2026,gk_save_pct,100.0,39
keepers,La Liga,2025-2026,gk_wins,100.0,39
keepers,La Liga,2025-2026,gk_ties,100.0,39
keepers,La Liga,2025-2026,gk_losses,100.0,39
keepers,La Liga,2025-2026,gk_clean_sheets,100.0,39
keepers,La Liga,2025-2026,gk_clean_sheets_pct,100.0,39
keepers,La Liga,2025-2026,gk_pens_att,100.0,39
keepers,La Liga,2025-2026,gk_pens_allowed,100.0,39
keepers,La Liga,2025-2026,gk_pens_saved,100.0,39
keepers,La Liga,2025-2026,gk_pens_missed,100.0,39
keepers,La Liga,2025-2026,gk_pens_save_pct,76.9,39
keepers,La Liga,2025-2026,player_id,100.0,39
keepers,La Liga,2025-2026,team_id,100.0,39
keepers,Liga MX,2010-2011,ranker,100.0,39
keepers,Liga MX,2010-2011,player,100.0,39
keepers,Liga MX,2010-2011,nationality,100.0,39
keepers,Liga MX,2010-2011,position,100.0,39
keepers,Liga MX,2010-2011,team,100.0,39
keepers,Liga MX,2010-2011,age,100.0,39
keepers,Liga MX,2010-2011,birth_year,100.0,39
keepers,Liga MX,2010-2011,gk_games,100.0,39
keepers,Liga MX,2010-2011,gk_games_starts,100.0,39
keepers,Liga MX,2010-2011,gk_minutes,100.0,39
keepers,Liga MX,2010-2011,minutes_90s,100.0,39
keepers,Liga MX,2010-2011,gk_goals_against,100.0,39
keepers,Liga MX,2010-2011,gk_goals_against_per90,100.0,39
keepers,Liga MX,2010-2011,gk_shots_on_target_against,97.4,39
keepers,Liga MX,2010-2011,gk_saves,97.4,39
keepers,Liga MX,2010-2011,gk_save_pct,97.4,39
keepers,Liga MX,2010-2011,gk_wins,100.0,39
keepers,Liga MX,2010-2011,gk_ties,100.0,39
keepers,Liga MX,2010-2011,gk_losses,100.0,39
keepers,Liga MX,2010-2011,gk_clean_sheets,100.0,39
keepers,Liga MX,2010-2011,gk_clean_sheets_pct,92.3,39
keepers,Liga MX,2010-2011,gk_pens_att,0.0,39
keepers,Liga MX,2010-2011,gk_pens_allowed,0.0,39
keepers,Liga MX,2010-2011,gk_pens_saved,0.0,39
keepers,Liga MX,2010-2011,gk_pens_missed,0.0,39
keepers,Liga MX,2010-2011,gk_pens_save_pct,0.0,39
keepers,Liga MX,2010-2011,player_id,100.0,39
keepers,Liga MX,2010-2011,team_id,100.0,39
keepers,Liga MX,2011-2012,ranker,100.0,37
keepers,Liga MX,2011-2012,player,100.0,37
keepers,Liga MX,2011-2012,nationality,100.0,37
keepers,Liga MX,2011-2012,position,100.0,37
keepers,Liga MX,2011-2012,team,100.0,37
keepers,Liga MX,2011-2012,age,97.3,37
keepers,Liga MX,2011-2012,birth_year,97.3,37
keepers,Liga MX,2011-2012,gk_games,100.0,37
keepers,Liga MX,2011-2012,gk_games_starts,100.0,37
keepers,Liga MX,2011-2012,gk_minutes,100.0,37
keepers,Liga MX,2011-2012,minutes_90s,100.0,37
keepers,Liga MX,2011-2012,gk_goals_against,100.0,37
keepers,Liga MX,2011-2012,gk_goals_against_per90,100.0,37
keepers,Liga MX,2011-2012,gk_shots_on_target_against,100.0,37
keepers,Liga MX,2011-2012,gk_saves,100.0,37
keepers,Liga MX,2011-2012,gk_save_pct,100.0,37
keepers,Liga MX,2011-2012,gk_wins,100.0,37
keepers,Liga MX,2011-2012,gk_ties,100.0,37
keepers,Liga MX,2011-2012,gk_losses,100.0,37
keepers,Liga MX,2011-2012,gk_clean_sheets,100.0,37
keepers,Liga MX,2011-2012,gk_clean_sheets_pct,97.3,37
keepers,Liga MX,2011-2012,gk_pens_att,0.0,37
keepers,Liga MX,2011-2012,gk_pens_allowed,0.0,37
keepers,Liga MX,2011-2012,gk_pens_saved,0.0,37
keepers,Liga MX,2011-2012,gk_pens_missed,0.0,37
keepers,Liga MX,2011-2012,gk_pens_save_pct,0.0,37
keepers,Liga MX,2011-2012,player_id,100.0,37
keepers,Liga MX,2011-2012,team_id,100.0,37
keepers,Liga MX,2012-2013,ranker,100.0,33
keepers,Liga MX,2012-2013,player,100.0,33
keepers,Liga MX,2012-2013,nationality,100.0,33
keepers,Liga MX,2012-2013,position,100.0,33
keepers,Liga MX,2012-2013,team,100.0,33
keepers,Liga MX,2012-2013,age,100.0,33
keepers,Liga MX,2012-2013,birth_year,100.0,33
keepers,Liga MX,2012-2013,gk_games,100.0,33
keepers,Liga MX,2012-2013,gk_games_starts,100.0,33
keepers,Liga MX,2012-2013,gk_minutes,100.0,33
keepers,Liga MX,2012-2013,minutes_90s,100.0,33
keepers,Liga MX,2012-2013,gk_goals_against,100.0,33
keepers,Liga MX,2012-2013,gk_goals_against_per90,100.0,33
keepers,Liga MX,2012-2013,gk_shots_on_target_against,100.0,33
keepers,Liga MX,2012-2013,gk_saves,100.0,33
keepers,Liga MX,2012-2013,gk_save_pct,100.0,33
keepers,Liga MX,2012-2013,gk_wins,100.0,33
keepers,Liga MX,2012-2013,gk_ties,100.0,33
keepers,Liga MX,2012-2013,gk_losses,100.0,33
keepers,Liga MX,2012-2013,gk_clean_sheets,100.0,33
keepers,Liga MX,2012-2013,gk_clean_sheets_pct,100.0,33
keepers,Liga MX,2012-2013,gk_pens_att,0.0,33
keepers,Liga MX,2012-2013,gk_pens_allowed,0.0,33
keepers,Liga MX,2012-2013,gk_pens_saved,0.0,33
keepers,Liga MX,2012-2013,gk_pens_missed,0.0,33
keepers,Liga MX,2012-2013,gk_pens_save_pct,0.0,33
keepers,Liga MX,2012-2013,player_id,100.0,33
keepers,Liga MX,2012-2013,team_id,100.0,33
keepers,Liga MX,2013-2014,ranker,100.0,38
keepers,Liga MX,2013-2014,player,100.0,38
keepers,Liga MX,2013-2014,nationality,100.0,38
keepers,Liga MX,2013-2014,position,100.0,38
keepers,Liga MX,2013-2014,team,100.0,38
keepers,Liga MX,2013-2014,age,100.0,38
keepers,Liga MX,2013-2014,birth_year,100.0,38
keepers,Liga MX,2013-2014,gk_games,100.0,38
keepers,Liga MX,2013-2014,gk_games_starts,100.0,38
keepers,Liga MX,2013-2014,gk_minutes,100.0,38
keepers,Liga MX,2013-2014,minutes_90s,100.0,38
keepers,Liga MX,2013-2014,gk_goals_against,100.0,38
keepers,Liga MX,2013-2014,gk_goals_against_per90,100.0,38
keepers,Liga MX,2013-2014,gk_shots_on_target_against,100.0,38
keepers,Liga MX,2013-2014,gk_saves,100.0,38
keepers,Liga MX,2013-2014,gk_save_pct,100.0,38
keepers,Liga MX,2013-2014,gk_wins,100.0,38
keepers,Liga MX,2013-2014,gk_ties,100.0,38
keepers,Liga MX,2013-2014,gk_losses,100.0,38
keepers,Liga MX,2013-2014,gk_clean_sheets,100.0,38
keepers,Liga MX,2013-2014,gk_clean_sheets_pct,97.4,38
keepers,Liga MX,2013-2014,gk_pens_att,0.0,38
keepers,Liga MX,2013-2014,gk_pens_allowed,0.0,38
keepers,Liga MX,2013-2014,gk_pens_saved,0.0,38
keepers,Liga MX,2013-2014,gk_pens_missed,0.0,38
keepers,Liga MX,2013-2014,gk_pens_save_pct,0.0,38
keepers,Liga MX,2013-2014,player_id,100.0,38
keepers,Liga MX,2013-2014,team_id,100.0,38
keepers,Liga MX,2014-2015,ranker,100.0,37
keepers,Liga MX,2014-2015,player,100.0,37
keepers,Liga MX,2014-2015,nationality,100.0,37
keepers,Liga MX,2014-2015,position,100.0,37
keepers,Liga MX,2014-2015,team,100.0,37
keepers,Liga MX,2014-2015,age,100.0,37
keepers,Liga MX,2014-2015,birth_year,100.0,37
keepers,Liga MX,2014-2015,gk_games,100.0,37
keepers,Liga MX,2014-2015,gk_games_starts,100.0,37
keepers,Liga MX,2014-2015,gk_minutes,100.0,37
keepers,Liga MX,2014-2015,minutes_90s,100.0,37
keepers,Liga MX,2014-2015,gk_goals_against,100.0,37
keepers,Liga MX,2014-2015,gk_goals_against_per90,100.0,37
keepers,Liga MX,2014-2015,gk_shots_on_target_against,100.0,37
keepers,Liga MX,2014-2015,gk_saves,100.0,37
keepers,Liga MX,2014-2015,gk_save_pct,97.3,37
keepers,Liga MX,2014-2015,gk_wins,100.0,37
keepers,Liga MX,2014-2015,gk_ties,100.0,37
keepers,Liga MX,2014-2015,gk_losses,100.0,37
keepers,Liga MX,2014-2015,gk_clean_sheets,100.0,37
keepers,Liga MX,2014-2015,gk_clean_sheets_pct,97.3,37
keepers,Liga MX,2014-2015,gk_pens_att,0.0,37
keepers,Liga MX,2014-2015,gk_pens_allowed,0.0,37
keepers,Liga MX,2014-2015,gk_pens_saved,0.0,37
keepers,Liga MX,2014-2015,gk_pens_missed,0.0,37
keepers,Liga MX,2014-2015,gk_pens_save_pct,0.0,37
keepers,Liga MX,2014-2015,player_id,100.0,37
keepers,Liga MX,2014-2015,team_id,100.0,37
keepers,Liga MX,2015-2016,ranker,100.0,39
keepers,Liga MX,2015-2016,player,100.0,39
keepers,Liga MX,2015-2016,nationality,100.0,39
keepers,Liga MX,2015-2016,position,100.0,39
keepers,Liga MX,2015-2016,team,100.0,39
keepers,Liga MX,2015-2016,age,100.0,39
keepers,Liga MX,2015-2016,birth_year,100.0,39
keepers,Liga MX,2015-2016,gk_games,100.0,39
keepers,Liga MX,2015-2016,gk_games_starts,100.0,39
keepers,Liga MX,2015-2016,gk_minutes,100.0,39
keepers,Liga MX,2015-2016,minutes_90s,100.0,39
keepers,Liga MX,2015-2016,gk_goals_against,100.0,39
keepers,Liga MX,2015-2016,gk_goals_against_per90,100.0,39
keepers,Liga MX,2015-2016,gk_shots_on_target_against,100.0,39
keepers,Liga MX,2015-2016,gk_saves,100.0,39
keepers,Liga MX,2015-2016,gk_save_pct,100.0,39
keepers,Liga MX,2015-2016,gk_wins,100.0,39
keepers,Liga MX,2015-2016,gk_ties,100.0,39
keepers,Liga MX,2015-2016,gk_losses,100.0,39
keepers,Liga MX,2015-2016,gk_clean_sheets,100.0,39
keepers,Liga MX,2015-2016,gk_clean_sheets_pct,100.0,39
keepers,Liga MX,2015-2016,gk_pens_att,0.0,39
keepers,Liga MX,2015-2016,gk_pens_allowed,0.0,39
keepers,Liga MX,2015-2016,gk_pens_saved,0.0,39
keepers,Liga MX,2015-2016,gk_pens_missed,0.0,39
keepers,Liga MX,2015-2016,gk_pens_save_pct,0.0,39
keepers,Liga MX,2015-2016,player_id,100.0,39
keepers,Liga MX,2015-2016,team_id,100.0,39
keepers,Liga MX,2016-2017,ranker,100.0,42
keepers,Liga MX,2016-2017,player,100.0,42
keepers,Liga MX,2016-2017,nationality,100.0,42
keepers,Liga MX,2016-2017,position,100.0,42
keepers,Liga MX,2016-2017,team,100.0,42
keepers,Liga MX,2016-2017,age,100.0,42
keepers,Liga MX,2016-2017,birth_year,100.0,42
keepers,Liga MX,2016-2017,gk_games,100.0,42
keepers,Liga MX,2016-2017,gk_games_starts,100.0,42
keepers,Liga MX,2016-2017,gk_minutes,100.0,42
keepers,Liga MX,2016-2017,minutes_90s,100.0,42
keepers,Liga MX,2016-2017,gk_goals_against,100.0,42
keepers,Liga MX,2016-2017,gk_goals_against_per90,100.0,42
keepers,Liga MX,2016-2017,gk_shots_on_target_against,100.0,42
keepers,Liga MX,2016-2017,gk_saves,100.0,42
keepers,Liga MX,2016-2017,gk_save_pct,100.0,42
keepers,Liga MX,2016-2017,gk_wins,100.0,42
keepers,Liga MX,2016-2017,gk_ties,100.0,42
keepers,Liga MX,2016-2017,gk_losses,100.0,42
keepers,Liga MX,2016-2017,gk_clean_sheets,100.0,42
keepers,Liga MX,2016-2017,gk_clean_sheets_pct,97.6,42
keepers,Liga MX,2016-2017,gk_pens_att,95.2,42
keepers,Liga MX,2016-2017,gk_pens_allowed,95.2,42
keepers,Liga MX,2016-2017,gk_pens_saved,95.2,42
keepers,Liga MX,2016-2017,gk_pens_missed,95.2,42
keepers,Liga MX,2016-2017,gk_pens_save_pct,66.7,42
keepers,Liga MX,2016-2017,player_id,100.0,42
keepers,Liga MX,2016-2017,team_id,100.0,42
keepers,Liga MX,2017-2018,ranker,100.0,34
keepers,Liga MX,2017-2018,player,100.0,34
keepers,Liga MX,2017-2018,nationality,100.0,34
keepers,Liga MX,2017-2018,position,100.0,34
keepers,Liga MX,2017-2018,team,100.0,34
keepers,Liga MX,2017-2018,age,100.0,34
keepers,Liga MX,2017-2018,birth_year,100.0,34
keepers,Liga MX,2017-2018,gk_games,100.0,34
keepers,Liga MX,2017-2018,gk_games_starts,100.0,34
keepers,Liga MX,2017-2018,gk_minutes,100.0,34
keepers,Liga MX,2017-2018,minutes_90s,100.0,34
keepers,Liga MX,2017-2018,gk_goals_against,100.0,34
keepers,Liga MX,2017-2018,gk_goals_against_per90,100.0,34
keepers,Liga MX,2017-2018,gk_shots_on_target_against,100.0,34
keepers,Liga MX,2017-2018,gk_saves,100.0,34
keepers,Liga MX,2017-2018,gk_save_pct,100.0,34
keepers,Liga MX,2017-2018,gk_wins,100.0,34
keepers,Liga MX,2017-2018,gk_ties,100.0,34
keepers,Liga MX,2017-2018,gk_losses,100.0,34
keepers,Liga MX,2017-2018,gk_clean_sheets,100.0,34
keepers,Liga MX,2017-2018,gk_clean_sheets_pct,100.0,34
keepers,Liga MX,2017-2018,gk_pens_att,100.0,34
keepers,Liga MX,2017-2018,gk_pens_allowed,100.0,34
keepers,Liga MX,2017-2018,gk_pens_saved,100.0,34
keepers,Liga MX,2017-2018,gk_pens_missed,100.0,34
keepers,Liga MX,2017-2018,gk_pens_save_pct,79.4,34
keepers,Liga MX,2017-2018,player_id,100.0,34
keepers,Liga MX,2017-2018,team_id,100.0,34
keepers,Liga MX,2018-2019,ranker,100.0,37
keepers,Liga MX,2018-2019,player,100.0,37
keepers,Liga MX,2018-2019,nationality,100.0,37
keepers,Liga MX,2018-2019,position,100.0,37
keepers,Liga MX,2018-2019,team,100.0,37
keepers,Liga MX,2018-2019,age,100.0,37
keepers,Liga MX,2018-2019,birth_year,100.0,37
keepers,Liga MX,2018-2019,gk_games,100.0,37
keepers,Liga MX,2018-2019,gk_games_starts,100.0,37
keepers,Liga MX,2018-2019,gk_minutes,100.0,37
keepers,Liga MX,2018-2019,minutes_90s,100.0,37
keepers,Liga MX,2018-2019,gk_goals_against,100.0,37
keepers,Liga MX,2018-2019,gk_goals_against_per90,100.0,37
keepers,Liga MX,2018-2019,gk_shots_on_target_against,0.0,37
keepers,Liga MX,2018-2019,gk_saves,0.0,37
keepers,Liga MX,2018-2019,gk_save_pct,0.0,37
keepers,Liga MX,2018-2019,gk_wins,100.0,37
keepers,Liga MX,2018-2019,gk_ties,100.0,37
keepers,Liga MX,2018-2019,gk_losses,100.0,37
keepers,Liga MX,2018-2019,gk_clean_sheets,100.0,37
keepers,Liga MX,2018-2019,gk_clean_sheets_pct,100.0,37
keepers,Liga MX,2018-2019,gk_pens_att,100.0,37
keepers,Liga MX,2018-2019,gk_pens_allowed,100.0,37
keepers,Liga MX,2018-2019,gk_pens_saved,100.0,37
keepers,Liga MX,2018-2019,gk_pens_missed,100.0,37
keepers,Liga MX,2018-2019,gk_pens_save_pct,70.3,37
keepers,Liga MX,2018-2019,player_id,100.0,37
keepers,Liga MX,2018-2019,team_id,100.0,37
keepers,Liga MX,2019-2020,ranker,100.0,31
keepers,Liga MX,2019-2020,player,100.0,31
keepers,Liga MX,2019-2020,nationality,100.0,31
keepers,Liga MX,2019-2020,position,100.0,31
keepers,Liga MX,2019-2020,team,100.0,31
keepers,Liga MX,2019-2020,age,100.0,31
keepers,Liga MX,2019-2020,birth_year,100.0,31
keepers,Liga MX,2019-2020,gk_games,100.0,31
keepers,Liga MX,2019-2020,gk_games_starts,100.0,31
keepers,Liga MX,2019-2020,gk_minutes,100.0,31
keepers,Liga MX,2019-2020,minutes_90s,100.0,31
keepers,Liga MX,2019-2020,gk_goals_against,100.0,31
keepers,Liga MX,2019-2020,gk_goals_against_per90,100.0,31
keepers,Liga MX,2019-2020,gk_shots_on_target_against,100.0,31
keepers,Liga MX,2019-2020,gk_saves,100.0,31
keepers,Liga MX,2019-2020,gk_save_pct,100.0,31
keepers,Liga MX,2019-2020,gk_wins,100.0,31
keepers,Liga MX,2019-2020,gk_ties,100.0,31
keepers,Liga MX,2019-2020,gk_losses,100.0,31
keepers,Liga MX,2019-2020,gk_clean_sheets,100.0,31
keepers,Liga MX,2019-2020,gk_clean_sheets_pct,100.0,31
keepers,Liga MX,2019-2020,gk_pens_att,100.0,31
keepers,Liga MX,2019-2020,gk_pens_allowed,100.0,31
keepers,Liga MX,2019-2020,gk_pens_saved,100.0,31
keepers,Liga MX,2019-2020,gk_pens_missed,100.0,31
keepers,Liga MX,2019-2020,gk_pens_save_pct,77.4,31
keepers,Liga MX,2019-2020,player_id,100.0,31
keepers,Liga MX,2019-2020,team_id,100.0,31
keepers,Liga MX,2020-2021,ranker,100.0,43
keepers,Liga MX,2020-2021,player,100.0,43
keepers,Liga MX,2020-2021,nationality,100.0,43
keepers,Liga MX,2020-2021,position,100.0,43
keepers,Liga MX,2020-2021,team,100.0,43
keepers,Liga MX,2020-2021,age,100.0,43
keepers,Liga MX,2020-2021,birth_year,100.0,43
keepers,Liga MX,2020-2021,gk_games,100.0,43
keepers,Liga MX,2020-2021,gk_games_starts,100.0,43
keepers,Liga MX,2020-2021,gk_minutes,100.0,43
keepers,Liga MX,2020-2021,minutes_90s,100.0,43
keepers,Liga MX,2020-2021,gk_goals_against,100.0,43
keepers,Liga MX,2020-2021,gk_goals_against_per90,100.0,43
keepers,Liga MX,2020-2021,gk_shots_on_target_against,100.0,43
keepers,Liga MX,2020-2021,gk_saves,100.0,43
keepers,Liga MX,2020-2021,gk_save_pct,100.0,43
keepers,Liga MX,2020-2021,gk_wins,100.0,43
keepers,Liga MX,2020-2021,gk_ties,100.0,43
keepers,Liga MX,2020-2021,gk_losses,100.0,43
keepers,Liga MX,2020-2021,gk_clean_sheets,100.0,43
keepers,Liga MX,2020-2021,gk_clean_sheets_pct,100.0,43
keepers,Liga MX,2020-2021,gk_pens_att,100.0,43
keepers,Liga MX,2020-2021,gk_pens_allowed,100.0,43
keepers,Liga MX,2020-2021,gk_pens_saved,100.0,43
keepers,Liga MX,2020-2021,gk_pens_missed,100.0,43
keepers,Liga MX,2020-2021,gk_pens_save_pct,74.4,43
keepers,Liga MX,2020-2021,player_id,100.0,43
keepers,Liga MX,2020-2021,team_id,100.0,43
keepers,Liga MX,2021-2022,ranker,100.0,39
keepers,Liga MX,2021-2022,player,100.0,39
keepers,Liga MX,2021-2022,nationality,100.0,39
keepers,Liga MX,2021-2022,position,100.0,39
keepers,Liga MX,2021-2022,team,100.0,39
keepers,Liga MX,2021-2022,age,100.0,39
keepers,Liga MX,2021-2022,birth_year,100.0,39
keepers,Liga MX,2021-2022,gk_games,100.0,39
keepers,Liga MX,2021-2022,gk_games_starts,100.0,39
keepers,Liga MX,2021-2022,gk_minutes,100.0,39
keepers,Liga MX,2021-2022,minutes_90s,100.0,39
keepers,Liga MX,2021-2022,gk_goals_against,100.0,39
keepers,Liga MX,2021-2022,gk_goals_against_per90,100.0,39
keepers,Liga MX,2021-2022,gk_shots_on_target_against,100.0,39
keepers,Liga MX,2021-2022,gk_saves,100.0,39
keepers,Liga MX,2021-2022,gk_save_pct,100.0,39
keepers,Liga MX,2021-2022,gk_wins,100.0,39
keepers,Liga MX,2021-2022,gk_ties,100.0,39
keepers,Liga MX,2021-2022,gk_losses,100.0,39
keepers,Liga MX,2021-2022,gk_clean_sheets,100.0,39
keepers,Liga MX,2021-2022,gk_clean_sheets_pct,100.0,39
keepers,Liga MX,2021-2022,gk_pens_att,100.0,39
keepers,Liga MX,2021-2022,gk_pens_allowed,100.0,39
keepers,Liga MX,2021-2022,gk_pens_saved,100.0,39
keepers,Liga MX,2021-2022,gk_pens_missed,100.0,39
keepers,Liga MX,2021-2022,gk_pens_save_pct,76.9,39
keepers,Liga MX,2021-2022,player_id,100.0,39
keepers,Liga MX,2021-2022,team_id,100.0,39
keepers,Liga MX,2022-2023,ranker,100.0,40
keepers,Liga MX,2022-2023,player,100.0,40
keepers,Liga MX,2022-2023,nationality,100.0,40
keepers,Liga MX,2022-2023,position,100.0,40
keepers,Liga MX,2022-2023,team,100.0,40
keepers,Liga MX,2022-2023,age,100.0,40
keepers,Liga MX,2022-2023,birth_year,100.0,40
keepers,Liga MX,2022-2023,gk_games,100.0,40
keepers,Liga MX,2022-2023,gk_games_starts,100.0,40
keepers,Liga MX,2022-2023,gk_minutes,100.0,40
keepers,Liga MX,2022-2023,minutes_90s,100.0,40
keepers,Liga MX,2022-2023,gk_goals_against,100.0,40
keepers,Liga MX,2022-2023,gk_goals_against_per90,100.0,40
keepers,Liga MX,2022-2023,gk_shots_on_target_against,100.0,40
keepers,Liga MX,2022-2023,gk_saves,100.0,40
keepers,Liga MX,2022-2023,gk_save_pct,100.0,40
keepers,Liga MX,2022-2023,gk_wins,100.0,40
keepers,Liga MX,2022-2023,gk_ties,100.0,40
keepers,Liga MX,2022-2023,gk_losses,100.0,40
keepers,Liga MX,2022-2023,gk_clean_sheets,100.0,40
keepers,Liga MX,2022-2023,gk_clean_sheets_pct,92.5,40
keepers,Liga MX,2022-2023,gk_pens_att,100.0,40
keepers,Liga MX,2022-2023,gk_pens_allowed,100.0,40
keepers,Liga MX,2022-2023,gk_pens_saved,100.0,40
keepers,Liga MX,2022-2023,gk_pens_missed,100.0,40
keepers,Liga MX,2022-2023,gk_pens_save_pct,77.5,40
keepers,Liga MX,2022-2023,player_id,100.0,40
keepers,Liga MX,2022-2023,team_id,100.0,40
keepers,Liga MX,2023-2024,ranker,100.0,37
keepers,Liga MX,2023-2024,player,100.0,37
keepers,Liga MX,2023-2024,nationality,100.0,37
keepers,Liga MX,2023-2024,position,100.0,37
keepers,Liga MX,2023-2024,team,100.0,37
keepers,Liga MX,2023-2024,age,100.0,37
keepers,Liga MX,2023-2024,birth_year,100.0,37
keepers,Liga MX,2023-2024,gk_games,100.0,37
keepers,Liga MX,2023-2024,gk_games_starts,100.0,37
keepers,Liga MX,2023-2024,gk_minutes,100.0,37
keepers,Liga MX,2023-2024,minutes_90s,100.0,37
keepers,Liga MX,2023-2024,gk_goals_against,100.0,37
keepers,Liga MX,2023-2024,gk_goals_against_per90,100.0,37
keepers,Liga MX,2023-2024,gk_shots_on_target_against,100.0,37
keepers,Liga MX,2023-2024,gk_saves,100.0,37
keepers,Liga MX,2023-2024,gk_save_pct,100.0,37
keepers,Liga MX,2023-2024,gk_wins,100.0,37
keepers,Liga MX,2023-2024,gk_ties,100.0,37
keepers,Liga MX,2023-2024,gk_losses,100.0,37
keepers,Liga MX,2023-2024,gk_clean_sheets,100.0,37
keepers,Liga MX,2023-2024,gk_clean_sheets_pct,97.3,37
keepers,Liga MX,2023-2024,gk_pens_att,100.0,37
keepers,Liga MX,2023-2024,gk_pens_allowed,100.0,37
keepers,Liga MX,2023-2024,gk_pens_saved,100.0,37
keepers,Liga MX,2023-2024,gk_pens_missed,100.0,37
keepers,Liga MX,2023-2024,gk_pens_save_pct,83.8,37
keepers,Liga MX,2023-2024,player_id,100.0,37
keepers,Liga MX,2023-2024,team_id,100.0,37
keepers,Liga MX,2024-2025,ranker,100.0,42
keepers,Liga MX,2024-2025,player,100.0,42
keepers,Liga MX,2024-2025,nationality,100.0,42
keepers,Liga MX,2024-2025,position,100.0,42
keepers,Liga MX,2024-2025,team,100.0,42
keepers,Liga MX,2024-2025,age,100.0,42
keepers,Liga MX,2024-2025,birth_year,100.0,42
keepers,Liga MX,2024-2025,gk_games,100.0,42
keepers,Liga MX,2024-2025,gk_games_starts,100.0,42
keepers,Liga MX,2024-2025,gk_minutes,100.0,42
keepers,Liga MX,2024-2025,minutes_90s,100.0,42
keepers,Liga MX,2024-2025,gk_goals_against,100.0,42
keepers,Liga MX,2024-2025,gk_goals_against_per90,100.0,42
keepers,Liga MX,2024-2025,gk_shots_on_target_against,100.0,42
keepers,Liga MX,2024-2025,gk_saves,100.0,42
keepers,Liga MX,2024-2025,gk_save_pct,100.0,42
keepers,Liga MX,2024-2025,gk_wins,100.0,42
keepers,Liga MX,2024-2025,gk_ties,100.0,42
keepers,Liga MX,2024-2025,gk_losses,100.0,42
keepers,Liga MX,2024-2025,gk_clean_sheets,100.0,42
keepers,Liga MX,2024-2025,gk_clean_sheets_pct,97.6,42
keepers,Liga MX,2024-2025,gk_pens_att,100.0,42
keepers,Liga MX,2024-2025,gk_pens_allowed,100.0,42
keepers,Liga MX,2024-2025,gk_pens_saved,100.0,42
keepers,Liga MX,2024-2025,gk_pens_missed,100.0,42
keepers,Liga MX,2024-2025,gk_pens_save_pct,64.3,42
keepers,Liga MX,2024-2025,player_id,100.0,42
keepers,Liga MX,2024-2025,team_id,100.0,42
keepers,Liga MX,2025-2026,ranker,100.0,37
keepers,Liga MX,2025-2026,player,100.0,37
keepers,Liga MX,2025-2026,nationality,100.0,37
keepers,Liga MX,2025-2026,position,100.0,37
keepers,Liga MX,2025-2026,team,100.0,37
keepers,Liga MX,2025-2026,age,100.0,37
keepers,Liga MX,2025-2026,birth_year,100.0,37
keepers,Liga MX,2025-2026,gk_games,100.0,37
keepers,Liga MX,2025-2026,gk_games_starts,100.0,37
keepers,Liga MX,2025-2026,gk_minutes,100.0,37
keepers,Liga MX,2025-2026,minutes_90s,100.0,37
keepers,Liga MX,2025-2026,gk_goals_against,100.0,37
keepers,Liga MX,2025-2026,gk_goals_against_per90,100.0,37
keepers,Liga MX,2025-2026,gk_shots_on_target_against,100.0,37
keepers,Liga MX,2025-2026,gk_saves,100.0,37
keepers,Liga MX,2025-2026,gk_save_pct,97.3,37
keepers,Liga MX,2025-2026,gk_wins,100.0,37
keepers,Liga MX,2025-2026,gk_ties,100.0,37
keepers,Liga MX,2025-2026,gk_losses,100.0,37
keepers,Liga MX,2025-2026,gk_clean_sheets,100.0,37
keepers,Liga MX,2025-2026,gk_clean_sheets_pct,100.0,37
keepers,Liga MX,2025-2026,gk_pens_att,100.0,37
keepers,Liga MX,2025-2026,gk_pens_allowed,100.0,37
keepers,Liga MX,2025-2026,gk_pens_saved,100.0,37
keepers,Liga MX,2025-2026,gk_pens_missed,100.0,37
keepers,Liga MX,2025-2026,gk_pens_save_pct,75.7,37
keepers,Liga MX,2025-2026,player_id,100.0,37
keepers,Liga MX,2025-2026,team_id,100.0,37
keepers,Ligue 1,2010-2011,ranker,100.0,40
keepers,Ligue 1,2010-2011,player,100.0,40
keepers,Ligue 1,2010-2011,nationality,100.0,40
keepers,Ligue 1,2010-2011,position,100.0,40
keepers,Ligue 1,2010-2011,team,100.0,40
keepers,Ligue 1,2010-2011,age,100.0,40
keepers,Ligue 1,2010-2011,birth_year,100.0,40
keepers,Ligue 1,2010-2011,gk_games,100.0,40
keepers,Ligue 1,2010-2011,gk_games_starts,100.0,40
keepers,Ligue 1,2010-2011,gk_minutes,100.0,40
keepers,Ligue 1,2010-2011,minutes_90s,100.0,40
keepers,Ligue 1,2010-2011,gk_goals_against,100.0,40
keepers,Ligue 1,2010-2011,gk_goals_against_per90,100.0,40
keepers,Ligue 1,2010-2011,gk_shots_on_target_against,100.0,40
keepers,Ligue 1,2010-2011,gk_saves,100.0,40
keepers,Ligue 1,2010-2011,gk_save_pct,100.0,40
keepers,Ligue 1,2010-2011,gk_wins,100.0,40
keepers,Ligue 1,2010-2011,gk_ties,100.0,40
keepers,Ligue 1,2010-2011,gk_losses,100.0,40
keepers,Ligue 1,2010-2011,gk_clean_sheets,100.0,40
keepers,Ligue 1,2010-2011,gk_clean_sheets_pct,97.5,40
keepers,Ligue 1,2010-2011,gk_pens_att,0.0,40
keepers,Ligue 1,2010-2011,gk_pens_allowed,0.0,40
keepers,Ligue 1,2010-2011,gk_pens_saved,0.0,40
keepers,Ligue 1,2010-2011,gk_pens_missed,0.0,40
keepers,Ligue 1,2010-2011,gk_pens_save_pct,0.0,40
keepers,Ligue 1,2010-2011,player_id,100.0,40
keepers,Ligue 1,2010-2011,team_id,100.0,40
keepers,Ligue 1,2011-2012,ranker,100.0,38
keepers,Ligue 1,2011-2012,player,100.0,38
keepers,Ligue 1,2011-2012,nationality,100.0,38
keepers,Ligue 1,2011-2012,position,100.0,38
keepers,Ligue 1,2011-2012,team,100.0,38
keepers,Ligue 1,2011-2012,age,100.0,38
keepers,Ligue 1,2011-2012,birth_year,100.0,38
keepers,Ligue 1,2011-2012,gk_games,100.0,38
keepers,Ligue 1,2011-2012,gk_games_starts,100.0,38
keepers,Ligue 1,2011-2012,gk_minutes,100.0,38
keepers,Ligue 1,2011-2012,minutes_90s,100.0,38
keepers,Ligue 1,2011-2012,gk_goals_against,100.0,38
keepers,Ligue 1,2011-2012,gk_goals_against_per90,100.0,38
keepers,Ligue 1,2011-2012,gk_shots_on_target_against,100.0,38
keepers,Ligue 1,2011-2012,gk_saves,100.0,38
keepers,Ligue 1,2011-2012,gk_save_pct,100.0,38
keepers,Ligue 1,2011-2012,gk_wins,100.0,38
keepers,Ligue 1,2011-2012,gk_ties,100.0,38
keepers,Ligue 1,2011-2012,gk_losses,100.0,38
keepers,Ligue 1,2011-2012,gk_clean_sheets,100.0,38
keepers,Ligue 1,2011-2012,gk_clean_sheets_pct,94.7,38
keepers,Ligue 1,2011-2012,gk_pens_att,0.0,38
keepers,Ligue 1,2011-2012,gk_pens_allowed,0.0,38
keepers,Ligue 1,2011-2012,gk_pens_saved,0.0,38
keepers,Ligue 1,2011-2012,gk_pens_missed,0.0,38
keepers,Ligue 1,2011-2012,gk_pens_save_pct,0.0,38
keepers,Ligue 1,2011-2012,player_id,100.0,38
keepers,Ligue 1,2011-2012,team_id,100.0,38
keepers,Ligue 1,2012-2013,ranker,100.0,44
keepers,Ligue 1,2012-2013,player,100.0,44
keepers,Ligue 1,2012-2013,nationality,100.0,44
keepers,Ligue 1,2012-2013,position,100.0,44
keepers,Ligue 1,2012-2013,team,100.0,44
keepers,Ligue 1,2012-2013,age,100.0,44
keepers,Ligue 1,2012-2013,birth_year,100.0,44
keepers,Ligue 1,2012-2013,gk_games,100.0,44
keepers,Ligue 1,2012-2013,gk_games_starts,100.0,44
keepers,Ligue 1,2012-2013,gk_minutes,100.0,44
keepers,Ligue 1,2012-2013,minutes_90s,100.0,44
keepers,Ligue 1,2012-2013,gk_goals_against,100.0,44
keepers,Ligue 1,2012-2013,gk_goals_against_per90,100.0,44
keepers,Ligue 1,2012-2013,gk_shots_on_target_against,100.0,44
keepers,Ligue 1,2012-2013,gk_saves,100.0,44
keepers,Ligue 1,2012-2013,gk_save_pct,100.0,44
keepers,Ligue 1,2012-2013,gk_wins,100.0,44
keepers,Ligue 1,2012-2013,gk_ties,100.0,44
keepers,Ligue 1,2012-2013,gk_losses,100.0,44
keepers,Ligue 1,2012-2013,gk_clean_sheets,100.0,44
keepers,Ligue 1,2012-2013,gk_clean_sheets_pct,93.2,44
keepers,Ligue 1,2012-2013,gk_pens_att,0.0,44
keepers,Ligue 1,2012-2013,gk_pens_allowed,0.0,44
keepers,Ligue 1,2012-2013,gk_pens_saved,0.0,44
keepers,Ligue 1,2012-2013,gk_pens_missed,0.0,44
keepers,Ligue 1,2012-2013,gk_pens_save_pct,0.0,44
keepers,Ligue 1,2012-2013,player_id,100.0,44
keepers,Ligue 1,2012-2013,team_id,100.0,44
keepers,Ligue 1,2013-2014,ranker,100.0,45
keepers,Ligue 1,2013-2014,player,100.0,45
keepers,Ligue 1,2013-2014,nationality,100.0,45
keepers,Ligue 1,2013-2014,position,100.0,45
keepers,Ligue 1,2013-2014,team,100.0,45
keepers,Ligue 1,2013-2014,age,100.0,45
keepers,Ligue 1,2013-2014,birth_year,100.0,45
keepers,Ligue 1,2013-2014,gk_games,100.0,45
keepers,Ligue 1,2013-2014,gk_games_starts,100.0,45
keepers,Ligue 1,2013-2014,gk_minutes,100.0,45
keepers,Ligue 1,2013-2014,minutes_90s,100.0,45
keepers,Ligue 1,2013-2014,gk_goals_against,100.0,45
keepers,Ligue 1,2013-2014,gk_goals_against_per90,100.0,45
keepers,Ligue 1,2013-2014,gk_shots_on_target_against,100.0,45
keepers,Ligue 1,2013-2014,gk_saves,100.0,45
keepers,Ligue 1,2013-2014,gk_save_pct,100.0,45
keepers,Ligue 1,2013-2014,gk_wins,100.0,45
keepers,Ligue 1,2013-2014,gk_ties,100.0,45
keepers,Ligue 1,2013-2014,gk_losses,100.0,45
keepers,Ligue 1,2013-2014,gk_clean_sheets,100.0,45
keepers,Ligue 1,2013-2014,gk_clean_sheets_pct,93.3,45
keepers,Ligue 1,2013-2014,gk_pens_att,0.0,45
keepers,Ligue 1,2013-2014,gk_pens_allowed,0.0,45
keepers,Ligue 1,2013-2014,gk_pens_saved,0.0,45
keepers,Ligue 1,2013-2014,gk_pens_missed,0.0,45
keepers,Ligue 1,2013-2014,gk_pens_save_pct,0.0,45
keepers,Ligue 1,2013-2014,player_id,100.0,45
keepers,Ligue 1,2013-2014,team_id,100.0,45
keepers,Ligue 1,2014-2015,ranker,100.0,39
keepers,Ligue 1,2014-2015,player,100.0,39
keepers,Ligue 1,2014-2015,nationality,100.0,39
keepers,Ligue 1,2014-2015,position,100.0,39
keepers,Ligue 1,2014-2015,team,100.0,39
keepers,Ligue 1,2014-2015,age,100.0,39
keepers,Ligue 1,2014-2015,birth_year,100.0,39
keepers,Ligue 1,2014-2015,gk_games,100.0,39
keepers,Ligue 1,2014-2015,gk_games_starts,100.0,39
keepers,Ligue 1,2014-2015,gk_minutes,100.0,39
keepers,Ligue 1,2014-2015,minutes_90s,100.0,39
keepers,Ligue 1,2014-2015,gk_goals_against,100.0,39
keepers,Ligue 1,2014-2015,gk_goals_against_per90,100.0,39
keepers,Ligue 1,2014-2015,gk_shots_on_target_against,100.0,39
keepers,Ligue 1,2014-2015,gk_saves,100.0,39
keepers,Ligue 1,2014-2015,gk_save_pct,97.4,39
keepers,Ligue 1,2014-2015,gk_wins,100.0,39
keepers,Ligue 1,2014-2015,gk_ties,100.0,39
keepers,Ligue 1,2014-2015,gk_losses,100.0,39
keepers,Ligue 1,2014-2015,gk_clean_sheets,100.0,39
keepers,Ligue 1,2014-2015,gk_clean_sheets_pct,94.9,39
keepers,Ligue 1,2014-2015,gk_pens_att,0.0,39
keepers,Ligue 1,2014-2015,gk_pens_allowed,0.0,39
keepers,Ligue 1,2014-2015,gk_pens_saved,0.0,39
keepers,Ligue 1,2014-2015,gk_pens_missed,0.0,39
keepers,Ligue 1,2014-2015,gk_pens_save_pct,0.0,39
keepers,Ligue 1,2014-2015,player_id,100.0,39
keepers,Ligue 1,2014-2015,team_id,100.0,39
keepers,Ligue 1,2015-2016,ranker,100.0,48
keepers,Ligue 1,2015-2016,player,100.0,48
keepers,Ligue 1,2015-2016,nationality,100.0,48
keepers,Ligue 1,2015-2016,position,100.0,48
keepers,Ligue 1,2015-2016,team,100.0,48
keepers,Ligue 1,2015-2016,age,100.0,48
keepers,Ligue 1,2015-2016,birth_year,100.0,48
keepers,Ligue 1,2015-2016,gk_games,100.0,48
keepers,Ligue 1,2015-2016,gk_games_starts,100.0,48
keepers,Ligue 1,2015-2016,gk_minutes,100.0,48
keepers,Ligue 1,2015-2016,minutes_90s,100.0,48
keepers,Ligue 1,2015-2016,gk_goals_against,100.0,48
keepers,Ligue 1,2015-2016,gk_goals_against_per90,100.0,48
keepers,Ligue 1,2015-2016,gk_shots_on_target_against,100.0,48
keepers,Ligue 1,2015-2016,gk_saves,100.0,48
keepers,Ligue 1,2015-2016,gk_save_pct,97.9,48
keepers,Ligue 1,2015-2016,gk_wins,100.0,48
keepers,Ligue 1,2015-2016,gk_ties,100.0,48
keepers,Ligue 1,2015-2016,gk_losses,100.0,48
keepers,Ligue 1,2015-2016,gk_clean_sheets,100.0,48
keepers,Ligue 1,2015-2016,gk_clean_sheets_pct,100.0,48
keepers,Ligue 1,2015-2016,gk_pens_att,0.0,48
keepers,Ligue 1,2015-2016,gk_pens_allowed,0.0,48
keepers,Ligue 1,2015-2016,gk_pens_saved,0.0,48
keepers,Ligue 1,2015-2016,gk_pens_missed,0.0,48
keepers,Ligue 1,2015-2016,gk_pens_save_pct,0.0,48
keepers,Ligue 1,2015-2016,player_id,100.0,48
keepers,Ligue 1,2015-2016,team_id,100.0,48
keepers,Ligue 1,2016-2017,ranker,100.0,47
keepers,Ligue 1,2016-2017,player,100.0,47
keepers,Ligue 1,2016-2017,nationality,100.0,47
keepers,Ligue 1,2016-2017,position,100.0,47
keepers,Ligue 1,2016-2017,team,100.0,47
keepers,Ligue 1,2016-2017,age,100.0,47
keepers,Ligue 1,2016-2017,birth_year,100.0,47
keepers,Ligue 1,2016-2017,gk_games,100.0,47
keepers,Ligue 1,2016-2017,gk_games_starts,100.0,47
keepers,Ligue 1,2016-2017,gk_minutes,100.0,47
keepers,Ligue 1,2016-2017,minutes_90s,100.0,47
keepers,Ligue 1,2016-2017,gk_goals_against,100.0,47
keepers,Ligue 1,2016-2017,gk_goals_against_per90,100.0,47
keepers,Ligue 1,2016-2017,gk_shots_on_target_against,100.0,47
keepers,Ligue 1,2016-2017,gk_saves,100.0,47
keepers,Ligue 1,2016-2017,gk_save_pct,100.0,47
keepers,Ligue 1,2016-2017,gk_wins,100.0,47
keepers,Ligue 1,2016-2017,gk_ties,100.0,47
keepers,Ligue 1,2016-2017,gk_losses,100.0,47
keepers,Ligue 1,2016-2017,gk_clean_sheets,100.0,47
keepers,Ligue 1,2016-2017,gk_clean_sheets_pct,93.6,47
keepers,Ligue 1,2016-2017,gk_pens_att,100.0,47
keepers,Ligue 1,2016-2017,gk_pens_allowed,100.0,47
keepers,Ligue 1,2016-2017,gk_pens_saved,100.0,47
keepers,Ligue 1,2016-2017,gk_pens_missed,100.0,47
keepers,Ligue 1,2016-2017,gk_pens_save_pct,66.0,47
keepers,Ligue 1,2016-2017,player_id,100.0,47
keepers,Ligue 1,2016-2017,team_id,100.0,47
keepers,Ligue 1,2017-2018,ranker,100.0,43
keepers,Ligue 1,2017-2018,player,100.0,43
keepers,Ligue 1,2017-2018,nationality,100.0,43
keepers,Ligue 1,2017-2018,position,100.0,43
keepers,Ligue 1,2017-2018,team,100.0,43
keepers,Ligue 1,2017-2018,age,100.0,43
keepers,Ligue 1,2017-2018,birth_year,100.0,43
keepers,Ligue 1,2017-2018,gk_games,100.0,43
keepers,Ligue 1,2017-2018,gk_games_starts,100.0,43
keepers,Ligue 1,2017-2018,gk_minutes,100.0,43
keepers,Ligue 1,2017-2018,minutes_90s,100.0,43
keepers,Ligue 1,2017-2018,gk_goals_against,100.0,43
keepers,Ligue 1,2017-2018,gk_goals_against_per90,100.0,43
keepers,Ligue 1,2017-2018,gk_shots_on_target_against,95.3,43
keepers,Ligue 1,2017-2018,gk_saves,95.3,43
keepers,Ligue 1,2017-2018,gk_save_pct,95.3,43
keepers,Ligue 1,2017-2018,gk_wins,100.0,43
keepers,Ligue 1,2017-2018,gk_ties,100.0,43
keepers,Ligue 1,2017-2018,gk_losses,100.0,43
keepers,Ligue 1,2017-2018,gk_clean_sheets,100.0,43
keepers,Ligue 1,2017-2018,gk_clean_sheets_pct,93.0,43
keepers,Ligue 1,2017-2018,gk_pens_att,100.0,43
keepers,Ligue 1,2017-2018,gk_pens_allowed,100.0,43
keepers,Ligue 1,2017-2018,gk_pens_saved,100.0,43
keepers,Ligue 1,2017-2018,gk_pens_missed,100.0,43
keepers,Ligue 1,2017-2018,gk_pens_save_pct,79.1,43
keepers,Ligue 1,2017-2018,player_id,100.0,43
keepers,Ligue 1,2017-2018,team_id,100.0,43
keepers,Ligue 1,2018-2019,ranker,100.0,37
keepers,Ligue 1,2018-2019,player,100.0,37
keepers,Ligue 1,2018-2019,nationality,100.0,37
keepers,Ligue 1,2018-2019,position,100.0,37
keepers,Ligue 1,2018-2019,team,100.0,37
keepers,Ligue 1,2018-2019,age,100.0,37
keepers,Ligue 1,2018-2019,birth_year,100.0,37
keepers,Ligue 1,2018-2019,gk_games,100.0,37
keepers,Ligue 1,2018-2019,gk_games_starts,100.0,37
keepers,Ligue 1,2018-2019,gk_minutes,100.0,37
keepers,Ligue 1,2018-2019,minutes_90s,100.0,37
keepers,Ligue 1,2018-2019,gk_goals_against,100.0,37
keepers,Ligue 1,2018-2019,gk_goals_against_per90,100.0,37
keepers,Ligue 1,2018-2019,gk_shots_on_target_against,100.0,37
keepers,Ligue 1,2018-2019,gk_saves,100.0,37
keepers,Ligue 1,2018-2019,gk_save_pct,100.0,37
keepers,Ligue 1,2018-2019,gk_wins,100.0,37
keepers,Ligue 1,2018-2019,gk_ties,100.0,37
keepers,Ligue 1,2018-2019,gk_losses,100.0,37
keepers,Ligue 1,2018-2019,gk_clean_sheets,100.0,37
keepers,Ligue 1,2018-2019,gk_clean_sheets_pct,100.0,37
keepers,Ligue 1,2018-2019,gk_pens_att,100.0,37
keepers,Ligue 1,2018-2019,gk_pens_allowed,100.0,37
keepers,Ligue 1,2018-2019,gk_pens_saved,100.0,37
keepers,Ligue 1,2018-2019,gk_pens_missed,100.0,37
keepers,Ligue 1,2018-2019,gk_pens_save_pct,81.1,37
keepers,Ligue 1,2018-2019,player_id,100.0,37
keepers,Ligue 1,2018-2019,team_id,100.0,37
keepers,Ligue 1,2019-2020,ranker,100.0,40
keepers,Ligue 1,2019-2020,player,100.0,40
keepers,Ligue 1,2019-2020,nationality,100.0,40
keepers,Ligue 1,2019-2020,position,100.0,40
keepers,Ligue 1,2019-2020,team,100.0,40
keepers,Ligue 1,2019-2020,age,100.0,40
keepers,Ligue 1,2019-2020,birth_year,100.0,40
keepers,Ligue 1,2019-2020,gk_games,100.0,40
keepers,Ligue 1,2019-2020,gk_games_starts,100.0,40
keepers,Ligue 1,2019-2020,gk_minutes,100.0,40
keepers,Ligue 1,2019-2020,minutes_90s,100.0,40
keepers,Ligue 1,2019-2020,gk_goals_against,100.0,40
keepers,Ligue 1,2019-2020,gk_goals_against_per90,100.0,40
keepers,Ligue 1,2019-2020,gk_shots_on_target_against,100.0,40
keepers,Ligue 1,2019-2020,gk_saves,100.0,40
keepers,Ligue 1,2019-2020,gk_save_pct,100.0,40
keepers,Ligue 1,2019-2020,gk_wins,100.0,40
keepers,Ligue 1,2019-2020,gk_ties,100.0,40
keepers,Ligue 1,2019-2020,gk_losses,100.0,40
keepers,Ligue 1,2019-2020,gk_clean_sheets,100.0,40
keepers,Ligue 1,2019-2020,gk_clean_sheets_pct,97.5,40
keepers,Ligue 1,2019-2020,gk_pens_att,100.0,40
keepers,Ligue 1,2019-2020,gk_pens_allowed,100.0,40
keepers,Ligue 1,2019-2020,gk_pens_saved,100.0,40
keepers,Ligue 1,2019-2020,gk_pens_missed,100.0,40
keepers,Ligue 1,2019-2020,gk_pens_save_pct,65.0,40
keepers,Ligue 1,2019-2020,player_id,100.0,40
keepers,Ligue 1,2019-2020,team_id,100.0,40
keepers,Ligue 1,2020-2021,ranker,100.0,39
keepers,Ligue 1,2020-2021,player,100.0,39
keepers,Ligue 1,2020-2021,nationality,100.0,39
keepers,Ligue 1,2020-2021,position,100.0,39
keepers,Ligue 1,2020-2021,team,100.0,39
keepers,Ligue 1,2020-2021,age,100.0,39
keepers,Ligue 1,2020-2021,birth_year,100.0,39
keepers,Ligue 1,2020-2021,gk_games,100.0,39
keepers,Ligue 1,2020-2021,gk_games_starts,100.0,39
keepers,Ligue 1,2020-2021,gk_minutes,100.0,39
keepers,Ligue 1,2020-2021,minutes_90s,100.0,39
keepers,Ligue 1,2020-2021,gk_goals_against,100.0,39
keepers,Ligue 1,2020-2021,gk_goals_against_per90,100.0,39
keepers,Ligue 1,2020-2021,gk_shots_on_target_against,100.0,39
keepers,Ligue 1,2020-2021,gk_saves,100.0,39
keepers,Ligue 1,2020-2021,gk_save_pct,100.0,39
keepers,Ligue 1,2020-2021,gk_wins,100.0,39
keepers,Ligue 1,2020-2021,gk_ties,100.0,39
keepers,Ligue 1,2020-2021,gk_losses,100.0,39
keepers,Ligue 1,2020-2021,gk_clean_sheets,100.0,39
keepers,Ligue 1,2020-2021,gk_clean_sheets_pct,100.0,39
keepers,Ligue 1,2020-2021,gk_pens_att,100.0,39
keepers,Ligue 1,2020-2021,gk_pens_allowed,100.0,39
keepers,Ligue 1,2020-2021,gk_pens_saved,100.0,39
keepers,Ligue 1,2020-2021,gk_pens_missed,100.0,39
keepers,Ligue 1,2020-2021,gk_pens_save_pct,82.1,39
keepers,Ligue 1,2020-2021,player_id,100.0,39
keepers,Ligue 1,2020-2021,team_id,100.0,39
keepers,Ligue 1,2021-2022,ranker,100.0,41
keepers,Ligue 1,2021-2022,player,100.0,41
keepers,Ligue 1,2021-2022,nationality,100.0,41
keepers,Ligue 1,2021-2022,position,100.0,41
keepers,Ligue 1,2021-2022,team,100.0,41
keepers,Ligue 1,2021-2022,age,100.0,41
keepers,Ligue 1,2021-2022,birth_year,100.0,41
keepers,Ligue 1,2021-2022,gk_games,100.0,41
keepers,Ligue 1,2021-2022,gk_games_starts,100.0,41
keepers,Ligue 1,2021-2022,gk_minutes,100.0,41
keepers,Ligue 1,2021-2022,minutes_90s,100.0,41
keepers,Ligue 1,2021-2022,gk_goals_against,100.0,41
keepers,Ligue 1,2021-2022,gk_goals_against_per90,100.0,41
keepers,Ligue 1,2021-2022,gk_shots_on_target_against,100.0,41
keepers,Ligue 1,2021-2022,gk_saves,100.0,41
keepers,Ligue 1,2021-2022,gk_save_pct,97.6,41
keepers,Ligue 1,2021-2022,gk_wins,100.0,41
keepers,Ligue 1,2021-2022,gk_ties,100.0,41
keepers,Ligue 1,2021-2022,gk_losses,100.0,41
keepers,Ligue 1,2021-2022,gk_clean_sheets,100.0,41
keepers,Ligue 1,2021-2022,gk_clean_sheets_pct,95.1,41
keepers,Ligue 1,2021-2022,gk_pens_att,100.0,41
keepers,Ligue 1,2021-2022,gk_pens_allowed,100.0,41
keepers,Ligue 1,2021-2022,gk_pens_saved,100.0,41
keepers,Ligue 1,2021-2022,gk_pens_missed,100.0,41
keepers,Ligue 1,2021-2022,gk_pens_save_pct,82.9,41
keepers,Ligue 1,2021-2022,player_id,100.0,41
keepers,Ligue 1,2021-2022,team_id,100.0,41
keepers,Ligue 1,2022-2023,ranker,100.0,41
keepers,Ligue 1,2022-2023,player,100.0,41
keepers,Ligue 1,2022-2023,nationality,100.0,41
keepers,Ligue 1,2022-2023,position,100.0,41
keepers,Ligue 1,2022-2023,team,100.0,41
keepers,Ligue 1,2022-2023,age,100.0,41
keepers,Ligue 1,2022-2023,birth_year,100.0,41
keepers,Ligue 1,2022-2023,gk_games,100.0,41
keepers,Ligue 1,2022-2023,gk_games_starts,100.0,41
keepers,Ligue 1,2022-2023,gk_minutes,100.0,41
keepers,Ligue 1,2022-2023,minutes_90s,100.0,41
keepers,Ligue 1,2022-2023,gk_goals_against,100.0,41
keepers,Ligue 1,2022-2023,gk_goals_against_per90,100.0,41
keepers,Ligue 1,2022-2023,gk_shots_on_target_against,100.0,41
keepers,Ligue 1,2022-2023,gk_saves,100.0,41
keepers,Ligue 1,2022-2023,gk_save_pct,97.6,41
keepers,Ligue 1,2022-2023,gk_wins,100.0,41
keepers,Ligue 1,2022-2023,gk_ties,100.0,41
keepers,Ligue 1,2022-2023,gk_losses,100.0,41
keepers,Ligue 1,2022-2023,gk_clean_sheets,100.0,41
keepers,Ligue 1,2022-2023,gk_clean_sheets_pct,95.1,41
keepers,Ligue 1,2022-2023,gk_pens_att,100.0,41
keepers,Ligue 1,2022-2023,gk_pens_allowed,100.0,41
keepers,Ligue 1,2022-2023,gk_pens_saved,100.0,41
keepers,Ligue 1,2022-2023,gk_pens_missed,100.0,41
keepers,Ligue 1,2022-2023,gk_pens_save_pct,78.0,41
keepers,Ligue 1,2022-2023,player_id,100.0,41
keepers,Ligue 1,2022-2023,team_id,100.0,41
keepers,Ligue 1,2023-2024,ranker,100.0,33
keepers,Ligue 1,2023-2024,player,100.0,33
keepers,Ligue 1,2023-2024,nationality,100.0,33
keepers,Ligue 1,2023-2024,position,100.0,33
keepers,Ligue 1,2023-2024,team,100.0,33
keepers,Ligue 1,2023-2024,age,100.0,33
keepers,Ligue 1,2023-2024,birth_year,100.0,33
keepers,Ligue 1,2023-2024,gk_games,100.0,33
keepers,Ligue 1,2023-2024,gk_games_starts,100.0,33
keepers,Ligue 1,2023-2024,gk_minutes,100.0,33
keepers,Ligue 1,2023-2024,minutes_90s,100.0,33
keepers,Ligue 1,2023-2024,gk_goals_against,100.0,33
keepers,Ligue 1,2023-2024,gk_goals_against_per90,100.0,33
keepers,Ligue 1,2023-2024,gk_shots_on_target_against,100.0,33
keepers,Ligue 1,2023-2024,gk_saves,100.0,33
keepers,Ligue 1,2023-2024,gk_save_pct,100.0,33
keepers,Ligue 1,2023-2024,gk_wins,100.0,33
keepers,Ligue 1,2023-2024,gk_ties,100.0,33
keepers,Ligue 1,2023-2024,gk_losses,100.0,33
keepers,Ligue 1,2023-2024,gk_clean_sheets,100.0,33
keepers,Ligue 1,2023-2024,gk_clean_sheets_pct,93.9,33
keepers,Ligue 1,2023-2024,gk_pens_att,100.0,33
keepers,Ligue 1,2023-2024,gk_pens_allowed,100.0,33
keepers,Ligue 1,2023-2024,gk_pens_saved,100.0,33
keepers,Ligue 1,2023-2024,gk_pens_missed,100.0,33
keepers,Ligue 1,2023-2024,gk_pens_save_pct,69.7,33
keepers,Ligue 1,2023-2024,player_id,100.0,33
keepers,Ligue 1,2023-2024,team_id,100.0,33
keepers,Ligue 1,2024-2025,ranker,100.0,36
keepers,Ligue 1,2024-2025,player,100.0,36
keepers,Ligue 1,2024-2025,nationality,100.0,36
keepers,Ligue 1,2024-2025,position,100.0,36
keepers,Ligue 1,2024-2025,team,100.0,36
keepers,Ligue 1,2024-2025,age,100.0,36
keepers,Ligue 1,2024-2025,birth_year,100.0,36
keepers,Ligue 1,2024-2025,gk_games,100.0,36
keepers,Ligue 1,2024-2025,gk_games_starts,100.0,36
keepers,Ligue 1,2024-2025,gk_minutes,100.0,36
keepers,Ligue 1,2024-2025,minutes_90s,100.0,36
keepers,Ligue 1,2024-2025,gk_goals_against,100.0,36
keepers,Ligue 1,2024-2025,gk_goals_against_per90,100.0,36
keepers,Ligue 1,2024-2025,gk_shots_on_target_against,100.0,36
keepers,Ligue 1,2024-2025,gk_saves,100.0,36
keepers,Ligue 1,2024-2025,gk_save_pct,94.4,36
keepers,Ligue 1,2024-2025,gk_wins,100.0,36
keepers,Ligue 1,2024-2025,gk_ties,100.0,36
keepers,Ligue 1,2024-2025,gk_losses,100.0,36
keepers,Ligue 1,2024-2025,gk_clean_sheets,100.0,36
keepers,Ligue 1,2024-2025,gk_clean_sheets_pct,94.4,36
keepers,Ligue 1,2024-2025,gk_pens_att,100.0,36
keepers,Ligue 1,2024-2025,gk_pens_allowed,100.0,36
keepers,Ligue 1,2024-2025,gk_pens_saved,100.0,36
keepers,Ligue 1,2024-2025,gk_pens_missed,100.0,36
keepers,Ligue 1,2024-2025,gk_pens_save_pct,80.6,36
keepers,Ligue 1,2024-2025,player_id,100.0,36
keepers,Ligue 1,2024-2025,team_id,100.0,36
keepers,Ligue 1,2025-2026,ranker,100.0,39
keepers,Ligue 1,2025-2026,player,100.0,39
keepers,Ligue 1,2025-2026,nationality,100.0,39
keepers,Ligue 1,2025-2026,position,100.0,39
keepers,Ligue 1,2025-2026,team,100.0,39
keepers,Ligue 1,2025-2026,age,100.0,39
keepers,Ligue 1,2025-2026,birth_year,100.0,39
keepers,Ligue 1,2025-2026,gk_games,100.0,39
keepers,Ligue 1,2025-2026,gk_games_starts,100.0,39
keepers,Ligue 1,2025-2026,gk_minutes,100.0,39
keepers,Ligue 1,2025-2026,minutes_90s,100.0,39
keepers,Ligue 1,2025-2026,gk_goals_against,100.0,39
keepers,Ligue 1,2025-2026,gk_goals_against_per90,100.0,39
keepers,Ligue 1,2025-2026,gk_shots_on_target_against,100.0,39
keepers,Ligue 1,2025-2026,gk_saves,100.0,39
keepers,Ligue 1,2025-2026,gk_save_pct,100.0,39
keepers,Ligue 1,2025-2026,gk_wins,100.0,39
keepers,Ligue 1,2025-2026,gk_ties,100.0,39
keepers,Ligue 1,2025-2026,gk_losses,100.0,39
keepers,Ligue 1,2025-2026,gk_clean_sheets,100.0,39
keepers,Ligue 1,2025-2026,gk_clean_sheets_pct,97.4,39
keepers,Ligue 1,2025-2026,gk_pens_att,100.0,39
keepers,Ligue 1,2025-2026,gk_pens_allowed,100.0,39
keepers,Ligue 1,2025-2026,gk_pens_saved,100.0,39
keepers,Ligue 1,2025-2026,gk_pens_missed,100.0,39
keepers,Ligue 1,2025-2026,gk_pens_save_pct,66.7,39
keepers,Ligue 1,2025-2026,player_id,100.0,39
keepers,Ligue 1,2025-2026,team_id,100.0,39
keepers,Premier League,2010-2011,ranker,100.0,40
keepers,Premier League,2010-2011,player,100.0,40
keepers,Premier League,2010-2011,nationality,100.0,40
keepers,Premier League,2010-2011,position,100.0,40
keepers,Premier League,2010-2011,team,100.0,40
keepers,Premier League,2010-2011,age,100.0,40
keepers,Premier League,2010-2011,birth_year,100.0,40
keepers,Premier League,2010-2011,gk_games,100.0,40
keepers,Premier League,2010-2011,gk_games_starts,100.0,40
keepers,Premier League,2010-2011,gk_minutes,100.0,40
keepers,Premier League,2010-2011,minutes_90s,100.0,40
keepers,Premier League,2010-2011,gk_goals_against,100.0,40
keepers,Premier League,2010-2011,gk_goals_against_per90,100.0,40
keepers,Premier League,2010-2011,gk_shots_on_target_against,100.0,40
keepers,Premier League,2010-2011,gk_saves,100.0,40
keepers,Premier League,2010-2011,gk_save_pct,100.0,40
keepers,Premier League,2010-2011,gk_wins,100.0,40
keepers,Premier League,2010-2011,gk_ties,100.0,40
keepers,Premier League,2010-2011,gk_losses,100.0,40
keepers,Premier League,2010-2011,gk_clean_sheets,100.0,40
keepers,Premier League,2010-2011,gk_clean_sheets_pct,92.5,40
keepers,Premier League,2010-2011,gk_pens_att,0.0,40
keepers,Premier League,2010-2011,gk_pens_allowed,0.0,40
keepers,Premier League,2010-2011,gk_pens_saved,0.0,40
keepers,Premier League,2010-2011,gk_pens_missed,0.0,40
keepers,Premier League,2010-2011,gk_pens_save_pct,0.0,40
keepers,Premier League,2010-2011,player_id,100.0,40
keepers,Premier League,2010-2011,team_id,100.0,40
keepers,Premier League,2011-2012,ranker,100.0,40
keepers,Premier League,2011-2012,player,100.0,40
keepers,Premier League,2011-2012,nationality,100.0,40
keepers,Premier League,2011-2012,position,100.0,40
keepers,Premier League,2011-2012,team,100.0,40
keepers,Premier League,2011-2012,age,100.0,40
keepers,Premier League,2011-2012,birth_year,100.0,40
keepers,Premier League,2011-2012,gk_games,100.0,40
keepers,Premier League,2011-2012,gk_games_starts,100.0,40
keepers,Premier League,2011-2012,gk_minutes,100.0,40
keepers,Premier League,2011-2012,minutes_90s,100.0,40
keepers,Premier League,2011-2012,gk_goals_against,100.0,40
keepers,Premier League,2011-2012,gk_goals_against_per90,100.0,40
keepers,Premier League,2011-2012,gk_shots_on_target_against,100.0,40
keepers,Premier League,2011-2012,gk_saves,100.0,40
keepers,Premier League,2011-2012,gk_save_pct,100.0,40
keepers,Premier League,2011-2012,gk_wins,100.0,40
keepers,Premier League,2011-2012,gk_ties,100.0,40
keepers,Premier League,2011-2012,gk_losses,100.0,40
keepers,Premier League,2011-2012,gk_clean_sheets,100.0,40
keepers,Premier League,2011-2012,gk_clean_sheets_pct,95.0,40
keepers,Premier League,2011-2012,gk_pens_att,0.0,40
keepers,Premier League,2011-2012,gk_pens_allowed,0.0,40
keepers,Premier League,2011-2012,gk_pens_saved,0.0,40
keepers,Premier League,2011-2012,gk_pens_missed,0.0,40
keepers,Premier League,2011-2012,gk_pens_save_pct,0.0,40
keepers,Premier League,2011-2012,player_id,100.0,40
keepers,Premier League,2011-2012,team_id,100.0,40
keepers,Premier League,2012-2013,ranker,100.0,41
keepers,Premier League,2012-2013,player,100.0,41
keepers,Premier League,2012-2013,nationality,100.0,41
keepers,Premier League,2012-2013,position,100.0,41
keepers,Premier League,2012-2013,team,100.0,41
keepers,Premier League,2012-2013,age,100.0,41
keepers,Premier League,2012-2013,birth_year,100.0,41
keepers,Premier League,2012-2013,gk_games,100.0,41
keepers,Premier League,2012-2013,gk_games_starts,100.0,41
keepers,Premier League,2012-2013,gk_minutes,100.0,41
keepers,Premier League,2012-2013,minutes_90s,100.0,41
keepers,Premier League,2012-2013,gk_goals_against,100.0,41
keepers,Premier League,2012-2013,gk_goals_against_per90,100.0,41
keepers,Premier League,2012-2013,gk_shots_on_target_against,100.0,41
keepers,Premier League,2012-2013,gk_saves,100.0,41
keepers,Premier League,2012-2013,gk_save_pct,100.0,41
keepers,Premier League,2012-2013,gk_wins,100.0,41
keepers,Premier League,2012-2013,gk_ties,100.0,41
keepers,Premier League,2012-2013,gk_losses,100.0,41
keepers,Premier League,2012-2013,gk_clean_sheets,100.0,41
keepers,Premier League,2012-2013,gk_clean_sheets_pct,100.0,41
keepers,Premier League,2012-2013,gk_pens_att,0.0,41
keepers,Premier League,2012-2013,gk_pens_allowed,0.0,41
keepers,Premier League,2012-2013,gk_pens_saved,0.0,41
keepers,Premier League,2012-2013,gk_pens_missed,0.0,41
keepers,Premier League,2012-2013,gk_pens_save_pct,0.0,41
keepers,Premier League,2012-2013,player_id,100.0,41
keepers,Premier League,2012-2013,team_id,100.0,41
keepers,Premier League,2013-2014,ranker,100.0,41
keepers,Premier League,2013-2014,player,100.0,41
keepers,Premier League,2013-2014,nationality,100.0,41
keepers,Premier League,2013-2014,position,100.0,41
keepers,Premier League,2013-2014,team,100.0,41
keepers,Premier League,2013-2014,age,100.0,41
keepers,Premier League,2013-2014,birth_year,100.0,41
keepers,Premier League,2013-2014,gk_games,100.0,41
keepers,Premier League,2013-2014,gk_games_starts,97.6,41
keepers,Premier League,2013-2014,gk_minutes,100.0,41
keepers,Premier League,2013-2014,minutes_90s,100.0,41
keepers,Premier League,2013-2014,gk_goals_against,100.0,41
keepers,Premier League,2013-2014,gk_goals_against_per90,100.0,41
keepers,Premier League,2013-2014,gk_shots_on_target_against,97.6,41
keepers,Premier League,2013-2014,gk_saves,97.6,41
keepers,Premier League,2013-2014,gk_save_pct,97.6,41
keepers,Premier League,2013-2014,gk_wins,100.0,41
keepers,Premier League,2013-2014,gk_ties,100.0,41
keepers,Premier League,2013-2014,gk_losses,100.0,41
keepers,Premier League,2013-2014,gk_clean_sheets,100.0,41
keepers,Premier League,2013-2014,gk_clean_sheets_pct,95.1,41
keepers,Premier League,2013-2014,gk_pens_att,0.0,41
keepers,Premier League,2013-2014,gk_pens_allowed,0.0,41
keepers,Premier League,2013-2014,gk_pens_saved,0.0,41
keepers,Premier League,2013-2014,gk_pens_missed,0.0,41
keepers,Premier League,2013-2014,gk_pens_save_pct,0.0,41
keepers,Premier League,2013-2014,player_id,100.0,41
keepers,Premier League,2013-2014,team_id,100.0,41
keepers,Premier League,2014-2015,ranker,100.0,45
keepers,Premier League,2014-2015,player,100.0,45
keepers,Premier League,2014-2015,nationality,100.0,45
keepers,Premier League,2014-2015,position,100.0,45
keepers,Premier League,2014-2015,team,100.0,45
keepers,Premier League,2014-2015,age,100.0,45
keepers,Premier League,2014-2015,birth_year,100.0,45
keepers,Premier League,2014-2015,gk_games,100.0,45
keepers,Premier League,2014-2015,gk_games_starts,100.0,45
keepers,Premier League,2014-2015,gk_minutes,100.0,45
keepers,Premier League,2014-2015,minutes_90s,100.0,45
keepers,Premier League,2014-2015,gk_goals_against,100.0,45
keepers,Premier League,2014-2015,gk_goals_against_per90,100.0,45
keepers,Premier League,2014-2015,gk_shots_on_target_against,100.0,45
keepers,Premier League,2014-2015,gk_saves,100.0,45
keepers,Premier League,2014-2015,gk_save_pct,100.0,45
keepers,Premier League,2014-2015,gk_wins,100.0,45
keepers,Premier League,2014-2015,gk_ties,100.0,45
keepers,Premier League,2014-2015,gk_losses,100.0,45
keepers,Premier League,2014-2015,gk_clean_sheets,100.0,45
keepers,Premier League,2014-2015,gk_clean_sheets_pct,97.8,45
keepers,Premier League,2014-2015,gk_pens_att,0.0,45
keepers,Premier League,2014-2015,gk_pens_allowed,0.0,45
keepers,Premier League,2014-2015,gk_pens_saved,0.0,45
keepers,Premier League,2014-2015,gk_pens_missed,0.0,45
keepers,Premier League,2014-2015,gk_pens_save_pct,0.0,45
keepers,Premier League,2014-2015,player_id,100.0,45
keepers,Premier League,2014-2015,team_id,100.0,45
keepers,Premier League,2015-2016,ranker,100.0,47
keepers,Premier League,2015-2016,player,100.0,47
keepers,Premier League,2015-2016,nationality,100.0,47
keepers,Premier League,2015-2016,position,100.0,47
keepers,Premier League,2015-2016,team,100.0,47
keepers,Premier League,2015-2016,age,100.0,47
keepers,Premier League,2015-2016,birth_year,100.0,47
keepers,Premier League,2015-2016,gk_games,100.0,47
keepers,Premier League,2015-2016,gk_games_starts,100.0,47
keepers,Premier League,2015-2016,gk_minutes,100.0,47
keepers,Premier League,2015-2016,minutes_90s,100.0,47
keepers,Premier League,2015-2016,gk_goals_against,100.0,47
keepers,Premier League,2015-2016,gk_goals_against_per90,100.0,47
keepers,Premier League,2015-2016,gk_shots_on_target_against,100.0,47
keepers,Premier League,2015-2016,gk_saves,100.0,47
keepers,Premier League,2015-2016,gk_save_pct,100.0,47
keepers,Premier League,2015-2016,gk_wins,100.0,47
keepers,Premier League,2015-2016,gk_ties,100.0,47
keepers,Premier League,2015-2016,gk_losses,100.0,47
keepers,Premier League,2015-2016,gk_clean_sheets,100.0,47
keepers,Premier League,2015-2016,gk_clean_sheets_pct,95.7,47
keepers,Premier League,2015-2016,gk_pens_att,0.0,47
keepers,Premier League,2015-2016,gk_pens_allowed,0.0,47
keepers,Premier League,2015-2016,gk_pens_saved,0.0,47
keepers,Premier League,2015-2016,gk_pens_missed,0.0,47
keepers,Premier League,2015-2016,gk_pens_save_pct,0.0,47
keepers,Premier League,2015-2016,player_id,100.0,47
keepers,Premier League,2015-2016,team_id,100.0,47
keepers,Premier League,2016-2017,ranker,100.0,42
keepers,Premier League,2016-2017,player,100.0,42
keepers,Premier League,2016-2017,nationality,100.0,42
keepers,Premier League,2016-2017,position,100.0,42
keepers,Premier League,2016-2017,team,100.0,42
keepers,Premier League,2016-2017,age,100.0,42
keepers,Premier League,2016-2017,birth_year,100.0,42
keepers,Premier League,2016-2017,gk_games,100.0,42
keepers,Premier League,2016-2017,gk_games_starts,100.0,42
keepers,Premier League,2016-2017,gk_minutes,100.0,42
keepers,Premier League,2016-2017,minutes_90s,100.0,42
keepers,Premier League,2016-2017,gk_goals_against,100.0,42
keepers,Premier League,2016-2017,gk_goals_against_per90,100.0,42
keepers,Premier League,2016-2017,gk_shots_on_target_against,100.0,42
keepers,Premier League,2016-2017,gk_saves,100.0,42
keepers,Premier League,2016-2017,gk_save_pct,100.0,42
keepers,Premier League,2016-2017,gk_wins,100.0,42
keepers,Premier League,2016-2017,gk_ties,100.0,42
keepers,Premier League,2016-2017,gk_losses,100.0,42
keepers,Premier League,2016-2017,gk_clean_sheets,100.0,42
keepers,Premier League,2016-2017,gk_clean_sheets_pct,97.6,42
keepers,Premier League,2016-2017,gk_pens_att,100.0,42
keepers,Premier League,2016-2017,gk_pens_allowed,100.0,42
keepers,Premier League,2016-2017,gk_pens_saved,100.0,42
keepers,Premier League,2016-2017,gk_pens_missed,100.0,42
keepers,Premier League,2016-2017,gk_pens_save_pct,71.4,42
keepers,Premier League,2016-2017,player_id,100.0,42
keepers,Premier League,2016-2017,team_id,100.0,42
keepers,Premier League,2017-2018,ranker,100.0,38
keepers,Premier League,2017-2018,player,100.0,38
keepers,Premier League,2017-2018,nationality,100.0,38
keepers,Premier League,2017-2018,position,100.0,38
keepers,Premier League,2017-2018,team,100.0,38
keepers,Premier League,2017-2018,age,100.0,38
keepers,Premier League,2017-2018,birth_year,100.0,38
keepers,Premier League,2017-2018,gk_games,100.0,38
keepers,Premier League,2017-2018,gk_games_starts,100.0,38
keepers,Premier League,2017-2018,gk_minutes,100.0,38
keepers,Premier League,2017-2018,minutes_90s,100.0,38
keepers,Premier League,2017-2018,gk_goals_against,100.0,38
keepers,Premier League,2017-2018,gk_goals_against_per90,100.0,38
keepers,Premier League,2017-2018,gk_shots_on_target_against,100.0,38
keepers,Premier League,2017-2018,gk_saves,97.4,38
keepers,Premier League,2017-2018,gk_save_pct,100.0,38
keepers,Premier League,2017-2018,gk_wins,100.0,38
keepers,Premier League,2017-2018,gk_ties,100.0,38
keepers,Premier League,2017-2018,gk_losses,100.0,38
keepers,Premier League,2017-2018,gk_clean_sheets,100.0,38
keepers,Premier League,2017-2018,gk_clean_sheets_pct,100.0,38
keepers,Premier League,2017-2018,gk_pens_att,100.0,38
keepers,Premier League,2017-2018,gk_pens_allowed,100.0,38
keepers,Premier League,2017-2018,gk_pens_saved,100.0,38
keepers,Premier League,2017-2018,gk_pens_missed,100.0,38
keepers,Premier League,2017-2018,gk_pens_save_pct,73.7,38
keepers,Premier League,2017-2018,player_id,100.0,38
keepers,Premier League,2017-2018,team_id,100.0,38
keepers,Premier League,2018-2019,ranker,100.0,38
keepers,Premier League,2018-2019,player,100.0,38
keepers,Premier League,2018-2019,nationality,100.0,38
keepers,Premier League,2018-2019,position,100.0,38
keepers,Premier League,2018-2019,team,100.0,38
keepers,Premier League,2018-2019,age,100.0,38
keepers,Premier League,2018-2019,birth_year,100.0,38
keepers,Premier League,2018-2019,gk_games,100.0,38
keepers,Premier League,2018-2019,gk_games_starts,100.0,38
keepers,Premier League,2018-2019,gk_minutes,97.4,38
keepers,Premier League,2018-2019,minutes_90s,100.0,38
keepers,Premier League,2018-2019,gk_goals_against,100.0,38
keepers,Premier League,2018-2019,gk_goals_against_per90,97.4,38
keepers,Premier League,2018-2019,gk_shots_on_target_against,100.0,38
keepers,Premier League,2018-2019,gk_saves,100.0,38
keepers,Premier League,2018-2019,gk_save_pct,97.4,38
keepers,Premier League,2018-2019,gk_wins,100.0,38
keepers,Premier League,2018-2019,gk_ties,100.0,38
keepers,Premier League,2018-2019,gk_losses,100.0,38
keepers,Premier League,2018-2019,gk_clean_sheets,100.0,38
keepers,Premier League,2018-2019,gk_clean_sheets_pct,97.4,38
keepers,Premier League,2018-2019,gk_pens_att,100.0,38
keepers,Premier League,2018-2019,gk_pens_allowed,100.0,38
keepers,Premier League,2018-2019,gk_pens_saved,100.0,38
keepers,Premier League,2018-2019,gk_pens_missed,100.0,38
keepers,Premier League,2018-2019,gk_pens_save_pct,68.4,38
keepers,Premier League,2018-2019,player_id,100.0,38
keepers,Premier League,2018-2019,team_id,100.0,38
keepers,Premier League,2019-2020,ranker,100.0,37
keepers,Premier League,2019-2020,player,100.0,37
keepers,Premier League,2019-2020,nationality,100.0,37
keepers,Premier League,2019-2020,position,100.0,37
keepers,Premier League,2019-2020,team,100.0,37
keepers,Premier League,2019-2020,age,100.0,37
keepers,Premier League,2019-2020,birth_year,100.0,37
keepers,Premier League,2019-2020,gk_games,100.0,37
keepers,Premier League,2019-2020,gk_games_starts,100.0,37
keepers,Premier League,2019-2020,gk_minutes,100.0,37
keepers,Premier League,2019-2020,minutes_90s,100.0,37
keepers,Premier League,2019-2020,gk_goals_against,100.0,37
keepers,Premier League,2019-2020,gk_goals_against_per90,100.0,37
keepers,Premier League,2019-2020,gk_shots_on_target_against,100.0,37
keepers,Premier League,2019-2020,gk_saves,100.0,37
keepers,Premier League,2019-2020,gk_save_pct,97.3,37
keepers,Premier League,2019-2020,gk_wins,100.0,37
keepers,Premier League,2019-2020,gk_ties,100.0,37
keepers,Premier League,2019-2020,gk_losses,100.0,37
keepers,Premier League,2019-2020,gk_clean_sheets,100.0,37
keepers,Premier League,2019-2020,gk_clean_sheets_pct,100.0,37
keepers,Premier League,2019-2020,gk_pens_att,100.0,37
keepers,Premier League,2019-2020,gk_pens_allowed,100.0,37
keepers,Premier League,2019-2020,gk_pens_saved,100.0,37
keepers,Premier League,2019-2020,gk_pens_missed,100.0,37
keepers,Premier League,2019-2020,gk_pens_save_pct,73.0,37
keepers,Premier League,2019-2020,player_id,100.0,37
keepers,Premier League,2019-2020,team_id,100.0,37
keepers,Premier League,2020-2021,ranker,100.0,42
keepers,Premier League,2020-2021,player,100.0,42
keepers,Premier League,2020-2021,nationality,100.0,42
keepers,Premier League,2020-2021,position,100.0,42
keepers,Premier League,2020-2021,team,100.0,42
keepers,Premier League,2020-2021,age,100.0,42
keepers,Premier League,2020-2021,birth_year,100.0,42
keepers,Premier League,2020-2021,gk_games,100.0,42
keepers,Premier League,2020-2021,gk_games_starts,100.0,42
keepers,Premier League,2020-2021,gk_minutes,100.0,42
keepers,Premier League,2020-2021,minutes_90s,100.0,42
keepers,Premier League,2020-2021,gk_goals_against,100.0,42
keepers,Premier League,2020-2021,gk_goals_against_per90,100.0,42
keepers,Premier League,2020-2021,gk_shots_on_target_against,100.0,42
keepers,Premier League,2020-2021,gk_saves,100.0,42
keepers,Premier League,2020-2021,gk_save_pct,100.0,42
keepers,Premier League,2020-2021,gk_wins,100.0,42
keepers,Premier League,2020-2021,gk_ties,100.0,42
keepers,Premier League,2020-2021,gk_losses,100.0,42
keepers,Premier League,2020-2021,gk_clean_sheets,100.0,42
keepers,Premier League,2020-2021,gk_clean_sheets_pct,95.2,42
keepers,Premier League,2020-2021,gk_pens_att,100.0,42
keepers,Premier League,2020-2021,gk_pens_allowed,100.0,42
keepers,Premier League,2020-2021,gk_pens_saved,100.0,42
keepers,Premier League,2020-2021,gk_pens_missed,100.0,42
keepers,Premier League,2020-2021,gk_pens_save_pct,66.7,42
keepers,Premier League,2020-2021,player_id,100.0,42
keepers,Premier League,2020-2021,team_id,100.0,42
keepers,Premier League,2021-2022,ranker,100.0,42
keepers,Premier League,2021-2022,player,100.0,42
keepers,Premier League,2021-2022,nationality,100.0,42
keepers,Premier League,2021-2022,position,100.0,42
keepers,Premier League,2021-2022,team,100.0,42
keepers,Premier League,2021-2022,age,100.0,42
keepers,Premier League,2021-2022,birth_year,100.0,42
keepers,Premier League,2021-2022,gk_games,100.0,42
keepers,Premier League,2021-2022,gk_games_starts,100.0,42
keepers,Premier League,2021-2022,gk_minutes,100.0,42
keepers,Premier League,2021-2022,minutes_90s,100.0,42
keepers,Premier League,2021-2022,gk_goals_against,100.0,42
keepers,Premier League,2021-2022,gk_goals_against_per90,100.0,42
keepers,Premier League,2021-2022,gk_shots_on_target_against,100.0,42
keepers,Premier League,2021-2022,gk_saves,100.0,42
keepers,Premier League,2021-2022,gk_save_pct,100.0,42
keepers,Premier League,2021-2022,gk_wins,100.0,42
keepers,Premier League,2021-2022,gk_ties,100.0,42
keepers,Premier League,2021-2022,gk_losses,100.0,42
keepers,Premier League,2021-2022,gk_clean_sheets,100.0,42
keepers,Premier League,2021-2022,gk_clean_sheets_pct,97.6,42
keepers,Premier League,2021-2022,gk_pens_att,100.0,42
keepers,Premier League,2021-2022,gk_pens_allowed,100.0,42
keepers,Premier League,2021-2022,gk_pens_saved,100.0,42
keepers,Premier League,2021-2022,gk_pens_missed,100.0,42
keepers,Premier League,2021-2022,gk_pens_save_pct,61.9,42
keepers,Premier League,2021-2022,player_id,100.0,42
keepers,Premier League,2021-2022,team_id,100.0,42
keepers,Premier League,2022-2023,ranker,100.0,39
keepers,Premier League,2022-2023,player,100.0,39
keepers,Premier League,2022-2023,nationality,100.0,39
keepers,Premier League,2022-2023,position,100.0,39
keepers,Premier League,2022-2023,team,100.0,39
keepers,Premier League,2022-2023,age,100.0,39
keepers,Premier League,2022-2023,birth_year,100.0,39
keepers,Premier League,2022-2023,gk_games,100.0,39
keepers,Premier League,2022-2023,gk_games_starts,100.0,39
keepers,Premier League,2022-2023,gk_minutes,100.0,39
keepers,Premier League,2022-2023,minutes_90s,100.0,39
keepers,Premier League,2022-2023,gk_goals_against,100.0,39
keepers,Premier League,2022-2023,gk_goals_against_per90,100.0,39
keepers,Premier League,2022-2023,gk_shots_on_target_against,100.0,39
keepers,Premier League,2022-2023,gk_saves,100.0,39
keepers,Premier League,2022-2023,gk_save_pct,100.0,39
keepers,Premier League,2022-2023,gk_wins,100.0,39
keepers,Premier League,2022-2023,gk_ties,100.0,39
keepers,Premier League,2022-2023,gk_losses,100.0,39
keepers,Premier League,2022-2023,gk_clean_sheets,100.0,39
keepers,Premier League,2022-2023,gk_clean_sheets_pct,100.0,39
keepers,Premier League,2022-2023,gk_pens_att,100.0,39
keepers,Premier League,2022-2023,gk_pens_allowed,100.0,39
keepers,Premier League,2022-2023,gk_pens_saved,100.0,39
keepers,Premier League,2022-2023,gk_pens_missed,100.0,39
keepers,Premier League,2022-2023,gk_pens_save_pct,76.9,39
keepers,Premier League,2022-2023,player_id,100.0,39
keepers,Premier League,2022-2023,team_id,100.0,39
keepers,Premier League,2023-2024,ranker,100.0,40
keepers,Premier League,2023-2024,player,100.0,40
keepers,Premier League,2023-2024,nationality,100.0,40
keepers,Premier League,2023-2024,position,100.0,40
keepers,Premier League,2023-2024,team,100.0,40
keepers,Premier League,2023-2024,age,100.0,40
keepers,Premier League,2023-2024,birth_year,100.0,40
keepers,Premier League,2023-2024,gk_games,100.0,40
keepers,Premier League,2023-2024,gk_games_starts,100.0,40
keepers,Premier League,2023-2024,gk_minutes,100.0,40
keepers,Premier League,2023-2024,minutes_90s,100.0,40
keepers,Premier League,2023-2024,gk_goals_against,100.0,40
keepers,Premier League,2023-2024,gk_goals_against_per90,100.0,40
keepers,Premier League,2023-2024,gk_shots_on_target_against,100.0,40
keepers,Premier League,2023-2024,gk_saves,100.0,40
keepers,Premier League,2023-2024,gk_save_pct,100.0,40
keepers,Premier League,2023-2024,gk_wins,100.0,40
keepers,Premier League,2023-2024,gk_ties,100.0,40
keepers,Premier League,2023-2024,gk_losses,100.0,40
keepers,Premier League,2023-2024,gk_clean_sheets,100.0,40
keepers,Premier League,2023-2024,gk_clean_sheets_pct,95.0,40
keepers,Premier League,2023-2024,gk_pens_att,100.0,40
keepers,Premier League,2023-2024,gk_pens_allowed,100.0,40
keepers,Premier League,2023-2024,gk_pens_saved,100.0,40
keepers,Premier League,2023-2024,gk_pens_missed,100.0,40
keepers,Premier League,2023-2024,gk_pens_save_pct,72.5,40
keepers,Premier League,2023-2024,player_id,100.0,40
keepers,Premier League,2023-2024,team_id,100.0,40
keepers,Premier League,2024-2025,ranker,100.0,44
keepers,Premier League,2024-2025,player,100.0,44
keepers,Premier League,2024-2025,nationality,100.0,44
keepers,Premier League,2024-2025,position,100.0,44
keepers,Premier League,2024-2025,team,100.0,44
keepers,Premier League,2024-2025,age,100.0,44
keepers,Premier League,2024-2025,birth_year,100.0,44
keepers,Premier League,2024-2025,gk_games,100.0,44
keepers,Premier League,2024-2025,gk_games_starts,100.0,44
keepers,Premier League,2024-2025,gk_minutes,100.0,44
keepers,Premier League,2024-2025,minutes_90s,100.0,44
keepers,Premier League,2024-2025,gk_goals_against,100.0,44
keepers,Premier League,2024-2025,gk_goals_against_per90,100.0,44
keepers,Premier League,2024-2025,gk_shots_on_target_against,100.0,44
keepers,Premier League,2024-2025,gk_saves,100.0,44
keepers,Premier League,2024-2025,gk_save_pct,97.7,44
keepers,Premier League,2024-2025,gk_wins,100.0,44
keepers,Premier League,2024-2025,gk_ties,100.0,44
keepers,Premier League,2024-2025,gk_losses,100.0,44
keepers,Premier League,2024-2025,gk_clean_sheets,100.0,44
keepers,Premier League,2024-2025,gk_clean_sheets_pct,95.5,44
keepers,Premier League,2024-2025,gk_pens_att,100.0,44
keepers,Premier League,2024-2025,gk_pens_allowed,100.0,44
keepers,Premier League,2024-2025,gk_pens_saved,100.0,44
keepers,Premier League,2024-2025,gk_pens_missed,100.0,44
keepers,Premier League,2024-2025,gk_pens_save_pct,65.9,44
keepers,Premier League,2024-2025,player_id,100.0,44
keepers,Premier League,2024-2025,team_id,100.0,44
keepers,Premier League,2025-2026,ranker,100.0,40
keepers,Premier League,2025-2026,player,100.0,40
keepers,Premier League,2025-2026,nationality,100.0,40
keepers,Premier League,2025-2026,position,100.0,40
keepers,Premier League,2025-2026,team,100.0,40
keepers,Premier League,2025-2026,age,100.0,40
keepers,Premier League,2025-2026,birth_year,100.0,40
keepers,Premier League,2025-2026,gk_games,100.0,40
keepers,Premier League,2025-2026,gk_games_starts,100.0,40
keepers,Premier League,2025-2026,gk_minutes,100.0,40
keepers,Premier League,2025-2026,minutes_90s,100.0,40
keepers,Premier League,2025-2026,gk_goals_against,100.0,40
keepers,Premier League,2025-2026,gk_goals_against_per90,100.0,40
keepers,Premier League,2025-2026,gk_shots_on_target_against,100.0,40
keepers,Premier League,2025-2026,gk_saves,100.0,40
keepers,Premier League,2025-2026,gk_save_pct,97.5,40
keepers,Premier League,2025-2026,gk_wins,100.0,40
keepers,Premier League,2025-2026,gk_ties,100.0,40
keepers,Premier League,2025-2026,gk_losses,100.0,40
keepers,Premier League,2025-2026,gk_clean_sheets,100.0,40
keepers,Premier League,2025-2026,gk_clean_sheets_pct,97.5,40
keepers,Premier League,2025-2026,gk_pens_att,100.0,40
keepers,Premier League,2025-2026,gk_pens_allowed,100.0,40
keepers,Premier League,2025-2026,gk_pens_saved,100.0,40
keepers,Premier League,2025-2026,gk_pens_missed,100.0,40
keepers,Premier League,2025-2026,gk_pens_save_pct,75.0,40
keepers,Premier League,2025-2026,player_id,100.0,40
keepers,Premier League,2025-2026,team_id,100.0,40
keepers,Serie A,2010-2011,ranker,100.0,43
keepers,Serie A,2010-2011,player,100.0,43
keepers,Serie A,2010-2011,nationality,100.0,43
keepers,Serie A,2010-2011,position,100.0,43
keepers,Serie A,2010-2011,team,100.0,43
keepers,Serie A,2010-2011,age,100.0,43
keepers,Serie A,2010-2011,birth_year,100.0,43
keepers,Serie A,2010-2011,gk_games,100.0,43
keepers,Serie A,2010-2011,gk_games_starts,100.0,43
keepers,Serie A,2010-2011,gk_minutes,100.0,43
keepers,Serie A,2010-2011,minutes_90s,100.0,43
keepers,Serie A,2010-2011,gk_goals_against,100.0,43
keepers,Serie A,2010-2011,gk_goals_against_per90,100.0,43
keepers,Serie A,2010-2011,gk_shots_on_target_against,100.0,43
keepers,Serie A,2010-2011,gk_saves,100.0,43
keepers,Serie A,2010-2011,gk_save_pct,97.7,43
keepers,Serie A,2010-2011,gk_wins,100.0,43
keepers,Serie A,2010-2011,gk_ties,100.0,43
keepers,Serie A,2010-2011,gk_losses,100.0,43
keepers,Serie A,2010-2011,gk_clean_sheets,100.0,43
keepers,Serie A,2010-2011,gk_clean_sheets_pct,93.0,43
keepers,Serie A,2010-2011,gk_pens_att,0.0,43
keepers,Serie A,2010-2011,gk_pens_allowed,0.0,43
keepers,Serie A,2010-2011,gk_pens_saved,0.0,43
keepers,Serie A,2010-2011,gk_pens_missed,0.0,43
keepers,Serie A,2010-2011,gk_pens_save_pct,0.0,43
keepers,Serie A,2010-2011,player_id,100.0,43
keepers,Serie A,2010-2011,team_id,100.0,43
keepers,Serie A,2011-2012,ranker,100.0,50
keepers,Serie A,2011-2012,player,100.0,50
keepers,Serie A,2011-2012,nationality,100.0,50
keepers,Serie A,2011-2012,position,100.0,50
keepers,Serie A,2011-2012,team,100.0,50
keepers,Serie A,2011-2012,age,100.0,50
keepers,Serie A,2011-2012,birth_year,100.0,50
keepers,Serie A,2011-2012,gk_games,100.0,50
keepers,Serie A,2011-2012,gk_games_starts,100.0,50
keepers,Serie A,2011-2012,gk_minutes,100.0,50
keepers,Serie A,2011-2012,minutes_90s,100.0,50
keepers,Serie A,2011-2012,gk_goals_against,100.0,50
keepers,Serie A,2011-2012,gk_goals_against_per90,100.0,50
keepers,Serie A,2011-2012,gk_shots_on_target_against,100.0,50
keepers,Serie A,2011-2012,gk_saves,100.0,50
keepers,Serie A,2011-2012,gk_save_pct,100.0,50
keepers,Serie A,2011-2012,gk_wins,100.0,50
keepers,Serie A,2011-2012,gk_ties,100.0,50
keepers,Serie A,2011-2012,gk_losses,100.0,50
keepers,Serie A,2011-2012,gk_clean_sheets,100.0,50
keepers,Serie A,2011-2012,gk_clean_sheets_pct,94.0,50
keepers,Serie A,2011-2012,gk_pens_att,0.0,50
keepers,Serie A,2011-2012,gk_pens_allowed,0.0,50
keepers,Serie A,2011-2012,gk_pens_saved,0.0,50
keepers,Serie A,2011-2012,gk_pens_missed,0.0,50
keepers,Serie A,2011-2012,gk_pens_save_pct,0.0,50
keepers,Serie A,2011-2012,player_id,100.0,50
keepers,Serie A,2011-2012,team_id,100.0,50
keepers,Serie A,2012-2013,ranker,100.0,49
keepers,Serie A,2012-2013,player,100.0,49
keepers,Serie A,2012-2013,nationality,100.0,49
keepers,Serie A,2012-2013,position,100.0,49
keepers,Serie A,2012-2013,team,100.0,49
keepers,Serie A,2012-2013,age,100.0,49
keepers,Serie A,2012-2013,birth_year,100.0,49
keepers,Serie A,2012-2013,gk_games,100.0,49
keepers,Serie A,2012-2013,gk_games_starts,100.0,49
keepers,Serie A,2012-2013,gk_minutes,100.0,49
keepers,Serie A,2012-2013,minutes_90s,100.0,49
keepers,Serie A,2012-2013,gk_goals_against,100.0,49
keepers,Serie A,2012-2013,gk_goals_against_per90,100.0,49
keepers,Serie A,2012-2013,gk_shots_on_target_against,100.0,49
keepers,Serie A,2012-2013,gk_saves,100.0,49
keepers,Serie A,2012-2013,gk_save_pct,98.0,49
keepers,Serie A,2012-2013,gk_wins,100.0,49
keepers,Serie A,2012-2013,gk_ties,100.0,49
keepers,Serie A,2012-2013,gk_losses,100.0,49
keepers,Serie A,2012-2013,gk_clean_sheets,100.0,49
keepers,Serie A,2012-2013,gk_clean_sheets_pct,93.9,49
keepers,Serie A,2012-2013,gk_pens_att,0.0,49
keepers,Serie A,2012-2013,gk_pens_allowed,0.0,49
keepers,Serie A,2012-2013,gk_pens_saved,0.0,49
keepers,Serie A,2012-2013,gk_pens_missed,0.0,49
keepers,Serie A,2012-2013,gk_pens_save_pct,0.0,49
keepers,Serie A,2012-2013,player_id,100.0,49
keepers,Serie A,2012-2013,team_id,100.0,49
keepers,Serie A,2013-2014,ranker,100.0,51
keepers,Serie A,2013-2014,player,100.0,51
keepers,Serie A,2013-2014,nationality,100.0,51
keepers,Serie A,2013-2014,position,100.0,51
keepers,Serie A,2013-2014,team,100.0,51
keepers,Serie A,2013-2014,age,100.0,51
keepers,Serie A,2013-2014,birth_year,100.0,51
keepers,Serie A,2013-2014,gk_games,100.0,51
keepers,Serie A,2013-2014,gk_games_starts,100.0,51
keepers,Serie A,2013-2014,gk_minutes,100.0,51
keepers,Serie A,2013-2014,minutes_90s,100.0,51
keepers,Serie A,2013-2014,gk_goals_against,100.0,51
keepers,Serie A,2013-2014,gk_goals_against_per90,100.0,51
keepers,Serie A,2013-2014,gk_shots_on_target_against,100.0,51
keepers,Serie A,2013-2014,gk_saves,100.0,51
keepers,Serie A,2013-2014,gk_save_pct,96.1,51
keepers,Serie A,2013-2014,gk_wins,100.0,51
keepers,Serie A,2013-2014,gk_ties,100.0,51
keepers,Serie A,2013-2014,gk_losses,100.0,51
keepers,Serie A,2013-2014,gk_clean_sheets,100.0,51
keepers,Serie A,2013-2014,gk_clean_sheets_pct,90.2,51
keepers,Serie A,2013-2014,gk_pens_att,0.0,51
keepers,Serie A,2013-2014,gk_pens_allowed,0.0,51
keepers,Serie A,2013-2014,gk_pens_saved,0.0,51
keepers,Serie A,2013-2014,gk_pens_missed,0.0,51
keepers,Serie A,2013-2014,gk_pens_save_pct,0.0,51
keepers,Serie A,2013-2014,player_id,100.0,51
keepers,Serie A,2013-2014,team_id,100.0,51
keepers,Serie A,2014-2015,ranker,100.0,45
keepers,Serie A,2014-2015,player,100.0,45
keepers,Serie A,2014-2015,nationality,100.0,45
keepers,Serie A,2014-2015,position,100.0,45
keepers,Serie A,2014-2015,team,100.0,45
keepers,Serie A,2014-2015,age,100.0,45
keepers,Serie A,2014-2015,birth_year,100.0,45
keepers,Serie A,2014-2015,gk_games,100.0,45
keepers,Serie A,2014-2015,gk_games_starts,100.0,45
keepers,Serie A,2014-2015,gk_minutes,100.0,45
keepers,Serie A,2014-2015,minutes_90s,100.0,45
keepers,Serie A,2014-2015,gk_goals_against,100.0,45
keepers,Serie A,2014-2015,gk_goals_against_per90,100.0,45
keepers,Serie A,2014-2015,gk_shots_on_target_against,100.0,45
keepers,Serie A,2014-2015,gk_saves,100.0,45
keepers,Serie A,2014-2015,gk_save_pct,100.0,45
keepers,Serie A,2014-2015,gk_wins,100.0,45
keepers,Serie A,2014-2015,gk_ties,100.0,45
keepers,Serie A,2014-2015,gk_losses,100.0,45
keepers,Serie A,2014-2015,gk_clean_sheets,100.0,45
keepers,Serie A,2014-2015,gk_clean_sheets_pct,95.6,45
keepers,Serie A,2014-2015,gk_pens_att,0.0,45
keepers,Serie A,2014-2015,gk_pens_allowed,0.0,45
keepers,Serie A,2014-2015,gk_pens_saved,0.0,45
keepers,Serie A,2014-2015,gk_pens_missed,0.0,45
keepers,Serie A,2014-2015,gk_pens_save_pct,0.0,45
keepers,Serie A,2014-2015,player_id,100.0,45
keepers,Serie A,2014-2015,team_id,100.0,45
keepers,Serie A,2015-2016,ranker,100.0,49
keepers,Serie A,2015-2016,player,100.0,49
keepers,Serie A,2015-2016,nationality,100.0,49
keepers,Serie A,2015-2016,position,100.0,49
keepers,Serie A,2015-2016,team,100.0,49
keepers,Serie A,2015-2016,age,98.0,49
keepers,Serie A,2015-2016,birth_year,98.0,49
keepers,Serie A,2015-2016,gk_games,100.0,49
keepers,Serie A,2015-2016,gk_games_starts,100.0,49
keepers,Serie A,2015-2016,gk_minutes,100.0,49
keepers,Serie A,2015-2016,minutes_90s,100.0,49
keepers,Serie A,2015-2016,gk_goals_against,100.0,49
keepers,Serie A,2015-2016,gk_goals_against_per90,100.0,49
keepers,Serie A,2015-2016,gk_shots_on_target_against,100.0,49
keepers,Serie A,2015-2016,gk_saves,100.0,49
keepers,Serie A,2015-2016,gk_save_pct,98.0,49
keepers,Serie A,2015-2016,gk_wins,100.0,49
keepers,Serie A,2015-2016,gk_ties,100.0,49
keepers,Serie A,2015-2016,gk_losses,100.0,49
keepers,Serie A,2015-2016,gk_clean_sheets,100.0,49
keepers,Serie A,2015-2016,gk_clean_sheets_pct,95.9,49
keepers,Serie A,2015-2016,gk_pens_att,0.0,49
keepers,Serie A,2015-2016,gk_pens_allowed,0.0,49
keepers,Serie A,2015-2016,gk_pens_saved,0.0,49
keepers,Serie A,2015-2016,gk_pens_missed,0.0,49
keepers,Serie A,2015-2016,gk_pens_save_pct,0.0,49
keepers,Serie A,2015-2016,player_id,100.0,49
keepers,Serie A,2015-2016,team_id,100.0,49
keepers,Serie A,2016-2017,ranker,100.0,45
keepers,Serie A,2016-2017,player,100.0,45
keepers,Serie A,2016-2017,nationality,100.0,45
keepers,Serie A,2016-2017,position,100.0,45
keepers,Serie A,2016-2017,team,100.0,45
keepers,Serie A,2016-2017,age,100.0,45
keepers,Serie A,2016-2017,birth_year,100.0,45
keepers,Serie A,2016-2017,gk_games,100.0,45
keepers,Serie A,2016-2017,gk_games_starts,100.0,45
keepers,Serie A,2016-2017,gk_minutes,100.0,45
keepers,Serie A,2016-2017,minutes_90s,100.0,45
keepers,Serie A,2016-2017,gk_goals_against,100.0,45
keepers,Serie A,2016-2017,gk_goals_against_per90,100.0,45
keepers,Serie A,2016-2017,gk_shots_on_target_against,100.0,45
keepers,Serie A,2016-2017,gk_saves,100.0,45
keepers,Serie A,2016-2017,gk_save_pct,100.0,45
keepers,Serie A,2016-2017,gk_wins,100.0,45
keepers,Serie A,2016-2017,gk_ties,100.0,45
keepers,Serie A,2016-2017,gk_losses,100.0,45
keepers,Serie A,2016-2017,gk_clean_sheets,100.0,45
keepers,Serie A,2016-2017,gk_clean_sheets_pct,97.8,45
keepers,Serie A,2016-2017,gk_pens_att,100.0,45
keepers,Serie A,2016-2017,gk_pens_allowed,100.0,45
keepers,Serie A,2016-2017,gk_pens_saved,100.0,45
keepers,Serie A,2016-2017,gk_pens_missed,100.0,45
keepers,Serie A,2016-2017,gk_pens_save_pct,75.6,45
keepers,Serie A,2016-2017,player_id,100.0,45
keepers,Serie A,2016-2017,team_id,100.0,45
keepers,Serie A,2017-2018,ranker,100.0,42
keepers,Serie A,2017-2018,player,100.0,42
keepers,Serie A,2017-2018,nationality,100.0,42
keepers,Serie A,2017-2018,position,100.0,42
keepers,Serie A,2017-2018,team,100.0,42
keepers,Serie A,2017-2018,age,100.0,42
keepers,Serie A,2017-2018,birth_year,100.0,42
keepers,Serie A,2017-2018,gk_games,100.0,42
keepers,Serie A,2017-2018,gk_games_starts,100.0,42
keepers,Serie A,2017-2018,gk_minutes,100.0,42
keepers,Serie A,2017-2018,minutes_90s,100.0,42
keepers,Serie A,2017-2018,gk_goals_against,100.0,42
keepers,Serie A,2017-2018,gk_goals_against_per90,100.0,42
keepers,Serie A,2017-2018,gk_shots_on_target_against,100.0,42
keepers,Serie A,2017-2018,gk_saves,100.0,42
keepers,Serie A,2017-2018,gk_save_pct,97.6,42
keepers,Serie A,2017-2018,gk_wins,100.0,42
keepers,Serie A,2017-2018,gk_ties,100.0,42
keepers,Serie A,2017-2018,gk_losses,100.0,42
keepers,Serie A,2017-2018,gk_clean_sheets,100.0,42
keepers,Serie A,2017-2018,gk_clean_sheets_pct,92.9,42
keepers,Serie A,2017-2018,gk_pens_att,100.0,42
keepers,Serie A,2017-2018,gk_pens_allowed,100.0,42
keepers,Serie A,2017-2018,gk_pens_saved,100.0,42
keepers,Serie A,2017-2018,gk_pens_missed,100.0,42
keepers,Serie A,2017-2018,gk_pens_save_pct,69.0,42
keepers,Serie A,2017-2018,player_id,100.0,42
keepers,Serie A,2017-2018,team_id,100.0,42
keepers,Serie A,2018-2019,ranker,100.0,47
keepers,Serie A,2018-2019,player,100.0,47
keepers,Serie A,2018-2019,nationality,100.0,47
keepers,Serie A,2018-2019,position,100.0,47
keepers,Serie A,2018-2019,team,100.0,47
keepers,Serie A,2018-2019,age,100.0,47
keepers,Serie A,2018-2019,birth_year,100.0,47
keepers,Serie A,2018-2019,gk_games,100.0,47
keepers,Serie A,2018-2019,gk_games_starts,100.0,47
keepers,Serie A,2018-2019,gk_minutes,97.9,47
keepers,Serie A,2018-2019,minutes_90s,100.0,47
keepers,Serie A,2018-2019,gk_goals_against,100.0,47
keepers,Serie A,2018-2019,gk_goals_against_per90,97.9,47
keepers,Serie A,2018-2019,gk_shots_on_target_against,100.0,47
keepers,Serie A,2018-2019,gk_saves,100.0,47
keepers,Serie A,2018-2019,gk_save_pct,95.7,47
keepers,Serie A,2018-2019,gk_wins,100.0,47
keepers,Serie A,2018-2019,gk_ties,100.0,47
keepers,Serie A,2018-2019,gk_losses,100.0,47
keepers,Serie A,2018-2019,gk_clean_sheets,100.0,47
keepers,Serie A,2018-2019,gk_clean_sheets_pct,95.7,47
keepers,Serie A,2018-2019,gk_pens_att,100.0,47
keepers,Serie A,2018-2019,gk_pens_allowed,100.0,47
keepers,Serie A,2018-2019,gk_pens_saved,100.0,47
keepers,Serie A,2018-2019,gk_pens_missed,100.0,47
keepers,Serie A,2018-2019,gk_pens_save_pct,63.8,47
keepers,Serie A,2018-2019,player_id,100.0,47
keepers,Serie A,2018-2019,team_id,100.0,47
keepers,Serie A,2019-2020,ranker,100.0,48
keepers,Serie A,2019-2020,player,100.0,48
keepers,Serie A,2019-2020,nationality,100.0,48
keepers,Serie A,2019-2020,position,100.0,48
keepers,Serie A,2019-2020,team,100.0,48
keepers,Serie A,2019-2020,age,100.0,48
keepers,Serie A,2019-2020,birth_year,100.0,48
keepers,Serie A,2019-2020,gk_games,100.0,48
keepers,Serie A,2019-2020,gk_games_starts,100.0,48
keepers,Serie A,2019-2020,gk_minutes,100.0,48
keepers,Serie A,2019-2020,minutes_90s,100.0,48
keepers,Serie A,2019-2020,gk_goals_against,100.0,48
keepers,Serie A,2019-2020,gk_goals_against_per90,100.0,48
keepers,Serie A,2019-2020,gk_shots_on_target_against,100.0,48
keepers,Serie A,2019-2020,gk_saves,100.0,48
keepers,Serie A,2019-2020,gk_save_pct,95.8,48
keepers,Serie A,2019-2020,gk_wins,100.0,48
keepers,Serie A,2019-2020,gk_ties,100.0,48
keepers,Serie A,2019-2020,gk_losses,100.0,48
keepers,Serie A,2019-2020,gk_clean_sheets,100.0,48
keepers,Serie A,2019-2020,gk_clean_sheets_pct,93.8,48
keepers,Serie A,2019-2020,gk_pens_att,100.0,48
keepers,Serie A,2019-2020,gk_pens_allowed,100.0,48
keepers,Serie A,2019-2020,gk_pens_saved,100.0,48
keepers,Serie A,2019-2020,gk_pens_missed,100.0,48
keepers,Serie A,2019-2020,gk_pens_save_pct,79.2,48
keepers,Serie A,2019-2020,player_id,100.0,48
keepers,Serie A,2019-2020,team_id,100.0,48
keepers,Serie A,2020-2021,ranker,100.0,51
keepers,Serie A,2020-2021,player,100.0,51
keepers,Serie A,2020-2021,nationality,100.0,51
keepers,Serie A,2020-2021,position,100.0,51
keepers,Serie A,2020-2021,team,100.0,51
keepers,Serie A,2020-2021,age,100.0,51
keepers,Serie A,2020-2021,birth_year,100.0,51
keepers,Serie A,2020-2021,gk_games,100.0,51
keepers,Serie A,2020-2021,gk_games_starts,100.0,51
keepers,Serie A,2020-2021,gk_minutes,100.0,51
keepers,Serie A,2020-2021,minutes_90s,100.0,51
keepers,Serie A,2020-2021,gk_goals_against,100.0,51
keepers,Serie A,2020-2021,gk_goals_against_per90,100.0,51
keepers,Serie A,2020-2021,gk_shots_on_target_against,100.0,51
keepers,Serie A,2020-2021,gk_saves,100.0,51
keepers,Serie A,2020-2021,gk_save_pct,98.0,51
keepers,Serie A,2020-2021,gk_wins,100.0,51
keepers,Serie A,2020-2021,gk_ties,100.0,51
keepers,Serie A,2020-2021,gk_losses,100.0,51
keepers,Serie A,2020-2021,gk_clean_sheets,100.0,51
keepers,Serie A,2020-2021,gk_clean_sheets_pct,92.2,51
keepers,Serie A,2020-2021,gk_pens_att,100.0,51
keepers,Serie A,2020-2021,gk_pens_allowed,100.0,51
keepers,Serie A,2020-2021,gk_pens_saved,100.0,51
keepers,Serie A,2020-2021,gk_pens_missed,100.0,51
keepers,Serie A,2020-2021,gk_pens_save_pct,66.7,51
keepers,Serie A,2020-2021,player_id,100.0,51
keepers,Serie A,2020-2021,team_id,100.0,51
keepers,Serie A,2021-2022,ranker,100.0,49
keepers,Serie A,2021-2022,player,100.0,49
keepers,Serie A,2021-2022,nationality,100.0,49
keepers,Serie A,2021-2022,position,100.0,49
keepers,Serie A,2021-2022,team,100.0,49
keepers,Serie A,2021-2022,age,100.0,49
keepers,Serie A,2021-2022,birth_year,100.0,49
keepers,Serie A,2021-2022,gk_games,100.0,49
keepers,Serie A,2021-2022,gk_games_starts,100.0,49
keepers,Serie A,2021-2022,gk_minutes,100.0,49
keepers,Serie A,2021-2022,minutes_90s,100.0,49
keepers,Serie A,2021-2022,gk_goals_against,100.0,49
keepers,Serie A,2021-2022,gk_goals_against_per90,100.0,49
keepers,Serie A,2021-2022,gk_shots_on_target_against,100.0,49
keepers,Serie A,2021-2022,gk_saves,100.0,49
keepers,Serie A,2021-2022,gk_save_pct,98.0,49
keepers,Serie A,2021-2022,gk_wins,100.0,49
keepers,Serie A,2021-2022,gk_ties,100.0,49
keepers,Serie A,2021-2022,gk_losses,100.0,49
keepers,Serie A,2021-2022,gk_clean_sheets,100.0,49
keepers,Serie A,2021-2022,gk_clean_sheets_pct,85.7,49
keepers,Serie A,2021-2022,gk_pens_att,100.0,49
keepers,Serie A,2021-2022,gk_pens_allowed,100.0,49
keepers,Serie A,2021-2022,gk_pens_saved,100.0,49
keepers,Serie A,2021-2022,gk_pens_missed,100.0,49
keepers,Serie A,2021-2022,gk_pens_save_pct,67.3,49
keepers,Serie A,2021-2022,player_id,100.0,49
keepers,Serie A,2021-2022,team_id,100.0,49
keepers,Serie A,2022-2023,ranker,100.0,49
keepers,Serie A,2022-2023,player,100.0,49
keepers,Serie A,2022-2023,nationality,100.0,49
keepers,Serie A,2022-2023,position,100.0,49
keepers,Serie A,2022-2023,team,100.0,49
keepers,Serie A,2022-2023,age,100.0,49
keepers,Serie A,2022-2023,birth_year,100.0,49
keepers,Serie A,2022-2023,gk_games,100.0,49
keepers,Serie A,2022-2023,gk_games_starts,100.0,49
keepers,Serie A,2022-2023,gk_minutes,100.0,49
keepers,Serie A,2022-2023,minutes_90s,100.0,49
keepers,Serie A,2022-2023,gk_goals_against,100.0,49
keepers,Serie A,2022-2023,gk_goals_against_per90,100.0,49
keepers,Serie A,2022-2023,gk_shots_on_target_against,100.0,49
keepers,Serie A,2022-2023,gk_saves,100.0,49
keepers,Serie A,2022-2023,gk_save_pct,93.9,49
keepers,Serie A,2022-2023,gk_wins,100.0,49
keepers,Serie A,2022-2023,gk_ties,100.0,49
keepers,Serie A,2022-2023,gk_losses,100.0,49
keepers,Serie A,2022-2023,gk_clean_sheets,100.0,49
keepers,Serie A,2022-2023,gk_clean_sheets_pct,87.8,49
keepers,Serie A,2022-2023,gk_pens_att,100.0,49
keepers,Serie A,2022-2023,gk_pens_allowed,100.0,49
keepers,Serie A,2022-2023,gk_pens_saved,100.0,49
keepers,Serie A,2022-2023,gk_pens_missed,100.0,49
keepers,Serie A,2022-2023,gk_pens_save_pct,63.3,49
keepers,Serie A,2022-2023,player_id,100.0,49
keepers,Serie A,2022-2023,team_id,100.0,49
keepers,Serie A,2023-2024,ranker,100.0,51
keepers,Serie A,2023-2024,player,100.0,51
keepers,Serie A,2023-2024,nationality,100.0,51
keepers,Serie A,2023-2024,position,100.0,51
keepers,Serie A,2023-2024,team,100.0,51
keepers,Serie A,2023-2024,age,100.0,51
keepers,Serie A,2023-2024,birth_year,100.0,51
keepers,Serie A,2023-2024,gk_games,100.0,51
keepers,Serie A,2023-2024,gk_games_starts,100.0,51
keepers,Serie A,2023-2024,gk_minutes,100.0,51
keepers,Serie A,2023-2024,minutes_90s,100.0,51
keepers,Serie A,2023-2024,gk_goals_against,100.0,51
keepers,Serie A,2023-2024,gk_goals_against_per90,100.0,51
keepers,Serie A,2023-2024,gk_shots_on_target_against,100.0,51
keepers,Serie A,2023-2024,gk_saves,100.0,51
keepers,Serie A,2023-2024,gk_save_pct,96.1,51
keepers,Serie A,2023-2024,gk_wins,100.0,51
keepers,Serie A,2023-2024,gk_ties,100.0,51
keepers,Serie A,2023-2024,gk_losses,100.0,51
keepers,Serie A,2023-2024,gk_clean_sheets,100.0,51
keepers,Serie A,2023-2024,gk_clean_sheets_pct,84.3,51
keepers,Serie A,2023-2024,gk_pens_att,100.0,51
keepers,Serie A,2023-2024,gk_pens_allowed,100.0,51
keepers,Serie A,2023-2024,gk_pens_saved,100.0,51
keepers,Serie A,2023-2024,gk_pens_missed,100.0,51
keepers,Serie A,2023-2024,gk_pens_save_pct,62.7,51
keepers,Serie A,2023-2024,player_id,100.0,51
keepers,Serie A,2023-2024,team_id,100.0,51
keepers,Serie A,2024-2025,ranker,100.0,49
keepers,Serie A,2024-2025,player,100.0,49
keepers,Serie A,2024-2025,nationality,100.0,49
keepers,Serie A,2024-2025,position,100.0,49
keepers,Serie A,2024-2025,team,100.0,49
keepers,Serie A,2024-2025,age,100.0,49
keepers,Serie A,2024-2025,birth_year,100.0,49
keepers,Serie A,2024-2025,gk_games,100.0,49
keepers,Serie A,2024-2025,gk_games_starts,100.0,49
keepers,Serie A,2024-2025,gk_minutes,100.0,49
keepers,Serie A,2024-2025,minutes_90s,100.0,49
keepers,Serie A,2024-2025,gk_goals_against,100.0,49
keepers,Serie A,2024-2025,gk_goals_against_per90,100.0,49
keepers,Serie A,2024-2025,gk_shots_on_target_against,100.0,49
keepers,Serie A,2024-2025,gk_saves,100.0,49
keepers,Serie A,2024-2025,gk_save_pct,95.9,49
keepers,Serie A,2024-2025,gk_wins,100.0,49
keepers,Serie A,2024-2025,gk_ties,100.0,49
keepers,Serie A,2024-2025,gk_losses,100.0,49
keepers,Serie A,2024-2025,gk_clean_sheets,100.0,49
keepers,Serie A,2024-2025,gk_clean_sheets_pct,93.9,49
keepers,Serie A,2024-2025,gk_pens_att,100.0,49
keepers,Serie A,2024-2025,gk_pens_allowed,100.0,49
keepers,Serie A,2024-2025,gk_pens_saved,100.0,49
keepers,Serie A,2024-2025,gk_pens_missed,100.0,49
keepers,Serie A,2024-2025,gk_pens_save_pct,57.1,49
keepers,Serie A,2024-2025,player_id,100.0,49
keepers,Serie A,2024-2025,team_id,100.0,49
keepers,Serie A,2025-2026,ranker,100.0,46
keepers,Serie A,2025-2026,player,100.0,46
keepers,Serie A,2025-2026,nationality,100.0,46
keepers,Serie A,2025-2026,position,100.0,46
keepers,Serie A,2025-2026,team,100.0,46
keepers,Serie A,2025-2026,age,100.0,46
keepers,Serie A,2025-2026,birth_year,100.0,46
keepers,Serie A,2025-2026,gk_games,100.0,46
keepers,Serie A,2025-2026,gk_games_starts,100.0,46
keepers,Serie A,2025-2026,gk_minutes,100.0,46
keepers,Serie A,2025-2026,minutes_90s,100.0,46
keepers,Serie A,2025-2026,gk_goals_against,100.0,46
keepers,Serie A,2025-2026,gk_goals_against_per90,100.0,46
keepers,Serie A,2025-2026,gk_shots_on_target_against,100.0,46
keepers,Serie A,2025-2026,gk_saves,100.0,46
keepers,Serie A,2025-2026,gk_save_pct,93.5,46
keepers,Serie A,2025-2026,gk_wins,100.0,46
keepers,Serie A,2025-2026,gk_ties,100.0,46
keepers,Serie A,2025-2026,gk_losses,100.0,46
keepers,Serie A,2025-2026,gk_clean_sheets,100.0,46
keepers,Serie A,2025-2026,gk_clean_sheets_pct,91.3,46
keepers,Serie A,2025-2026,gk_pens_att,100.0,46
keepers,Serie A,2025-2026,gk_pens_allowed,100.0,46
keepers,Serie A,2025-2026,gk_pens_saved,100.0,46
keepers,Serie A,2025-2026,gk_pens_missed,100.0,46
keepers,Serie A,2025-2026,gk_pens_save_pct,60.9,46
keepers,Serie A,2025-2026,player_id,100.0,46
keepers,Serie A,2025-2026,team_id,100.0,46
playingtime,Bundesliga,2010-2011,ranker,100.0,477
playingtime,Bundesliga,2010-2011,player,100.0,477
playingtime,Bundesliga,2010-2011,nationality,100.0,477
playingtime,Bundesliga,2010-2011,position,100.0,477
playingtime,Bundesliga,2010-2011,team,100.0,477
playingtime,Bundesliga,2010-2011,age,100.0,477
playingtime,Bundesliga,2010-2011,birth_year,100.0,477
playingtime,Bundesliga,2010-2011,games,100.0,477
playingtime,Bundesliga,2010-2011,minutes,100.0,477
playingtime,Bundesliga,2010-2011,minutes_per_game,100.0,477
playingtime,Bundesliga,2010-2011,minutes_pct,100.0,477
playingtime,Bundesliga,2010-2011,minutes_90s,100.0,477
playingtime,Bundesliga,2010-2011,games_starts,100.0,477
playingtime,Bundesliga,2010-2011,minutes_per_start,0.0,477
playingtime,Bundesliga,2010-2011,games_complete,89.7,477
playingtime,Bundesliga,2010-2011,games_subs,100.0,477
playingtime,Bundesliga,2010-2011,minutes_per_sub,0.0,477
playingtime,Bundesliga,2010-2011,unused_subs,0.0,477
playingtime,Bundesliga,2010-2011,points_per_game,0.0,477
playingtime,Bundesliga,2010-2011,on_goals_for,0.0,477
playingtime,Bundesliga,2010-2011,on_goals_against,0.0,477
playingtime,Bundesliga,2010-2011,plus_minus,0.0,477
playingtime,Bundesliga,2010-2011,plus_minus_per90,0.0,477
playingtime,Bundesliga,2010-2011,plus_minus_wowy,0.0,477
playingtime,Bundesliga,2010-2011,player_id,100.0,477
playingtime,Bundesliga,2010-2011,team_id,100.0,477
playingtime,Bundesliga,2011-2012,ranker,100.0,489
playingtime,Bundesliga,2011-2012,player,100.0,489
playingtime,Bundesliga,2011-2012,nationality,100.0,489
playingtime,Bundesliga,2011-2012,position,100.0,489
playingtime,Bundesliga,2011-2012,team,100.0,489
playingtime,Bundesliga,2011-2012,age,100.0,489
playingtime,Bundesliga,2011-2012,birth_year,100.0,489
playingtime,Bundesliga,2011-2012,games,100.0,489
playingtime,Bundesliga,2011-2012,minutes,100.0,489
playingtime,Bundesliga,2011-2012,minutes_per_game,100.0,489
playingtime,Bundesliga,2011-2012,minutes_pct,100.0,489
playingtime,Bundesliga,2011-2012,minutes_90s,100.0,489
playingtime,Bundesliga,2011-2012,games_starts,100.0,489
playingtime,Bundesliga,2011-2012,minutes_per_start,0.0,489
playingtime,Bundesliga,2011-2012,games_complete,89.0,489
playingtime,Bundesliga,2011-2012,games_subs,100.0,489
playingtime,Bundesliga,2011-2012,minutes_per_sub,0.0,489
playingtime,Bundesliga,2011-2012,unused_subs,0.0,489
playingtime,Bundesliga,2011-2012,points_per_game,0.0,489
playingtime,Bundesliga,2011-2012,on_goals_for,0.0,489
playingtime,Bundesliga,2011-2012,on_goals_against,0.0,489
playingtime,Bundesliga,2011-2012,plus_minus,0.0,489
playingtime,Bundesliga,2011-2012,plus_minus_per90,0.0,489
playingtime,Bundesliga,2011-2012,plus_minus_wowy,0.0,489
playingtime,Bundesliga,2011-2012,player_id,100.0,489
playingtime,Bundesliga,2011-2012,team_id,100.0,489
playingtime,Bundesliga,2012-2013,ranker,100.0,479
playingtime,Bundesliga,2012-2013,player,100.0,479
playingtime,Bundesliga,2012-2013,nationality,99.8,479
playingtime,Bundesliga,2012-2013,position,100.0,479
playingtime,Bundesliga,2012-2013,team,100.0,479
playingtime,Bundesliga,2012-2013,age,100.0,479
playingtime,Bundesliga,2012-2013,birth_year,100.0,479
playingtime,Bundesliga,2012-2013,games,100.0,479
playingtime,Bundesliga,2012-2013,minutes,100.0,479
playingtime,Bundesliga,2012-2013,minutes_per_game,100.0,479
playingtime,Bundesliga,2012-2013,minutes_pct,100.0,479
playingtime,Bundesliga,2012-2013,minutes_90s,100.0,479
playingtime,Bundesliga,2012-2013,games_starts,100.0,479
playingtime,Bundesliga,2012-2013,minutes_per_start,0.0,479
playingtime,Bundesliga,2012-2013,games_complete,90.0,479
playingtime,Bundesliga,2012-2013,games_subs,100.0,479
playingtime,Bundesliga,2012-2013,minutes_per_sub,0.0,479
playingtime,Bundesliga,2012-2013,unused_subs,0.0,479
playingtime,Bundesliga,2012-2013,points_per_game,0.0,479
playingtime,Bundesliga,2012-2013,on_goals_for,0.0,479
playingtime,Bundesliga,2012-2013,on_goals_against,0.0,479
playingtime,Bundesliga,2012-2013,plus_minus,0.0,479
playingtime,Bundesliga,2012-2013,plus_minus_per90,0.0,479
playingtime,Bundesliga,2012-2013,plus_minus_wowy,0.0,479
playingtime,Bundesliga,2012-2013,player_id,100.0,479
playingtime,Bundesliga,2012-2013,team_id,100.0,479
playingtime,Bundesliga,2013-2014,ranker,100.0,476
playingtime,Bundesliga,2013-2014,player,100.0,476
playingtime,Bundesliga,2013-2014,nationality,99.8,476
playingtime,Bundesliga,2013-2014,position,100.0,476
playingtime,Bundesliga,2013-2014,team,100.0,476
playingtime,Bundesliga,2013-2014,age,100.0,476
playingtime,Bundesliga,2013-2014,birth_year,100.0,476
playingtime,Bundesliga,2013-2014,games,100.0,476
playingtime,Bundesliga,2013-2014,minutes,100.0,476
playingtime,Bundesliga,2013-2014,minutes_per_game,100.0,476
playingtime,Bundesliga,2013-2014,minutes_pct,100.0,476
playingtime,Bundesliga,2013-2014,minutes_90s,100.0,476
playingtime,Bundesliga,2013-2014,games_starts,100.0,476
playingtime,Bundesliga,2013-2014,minutes_per_start,0.0,476
playingtime,Bundesliga,2013-2014,games_complete,88.4,476
playingtime,Bundesliga,2013-2014,games_subs,100.0,476
playingtime,Bundesliga,2013-2014,minutes_per_sub,0.0,476
playingtime,Bundesliga,2013-2014,unused_subs,0.0,476
playingtime,Bundesliga,2013-2014,points_per_game,0.0,476
playingtime,Bundesliga,2013-2014,on_goals_for,0.0,476
playingtime,Bundesliga,2013-2014,on_goals_against,0.0,476
playingtime,Bundesliga,2013-2014,plus_minus,0.0,476
playingtime,Bundesliga,2013-2014,plus_minus_per90,0.0,476
playingtime,Bundesliga,2013-2014,plus_minus_wowy,0.0,476
playingtime,Bundesliga,2013-2014,player_id,100.0,476
playingtime,Bundesliga,2013-2014,team_id,100.0,476
playingtime,Bundesliga,2014-2015,ranker,100.0,462
playingtime,Bundesliga,2014-2015,player,100.0,462
playingtime,Bundesliga,2014-2015,nationality,99.4,462
playingtime,Bundesliga,2014-2015,position,100.0,462
playingtime,Bundesliga,2014-2015,team,100.0,462
playingtime,Bundesliga,2014-2015,age,100.0,462
playingtime,Bundesliga,2014-2015,birth_year,100.0,462
playingtime,Bundesliga,2014-2015,games,100.0,462
playingtime,Bundesliga,2014-2015,minutes,100.0,462
playingtime,Bundesliga,2014-2015,minutes_per_game,100.0,462
playingtime,Bundesliga,2014-2015,minutes_pct,100.0,462
playingtime,Bundesliga,2014-2015,minutes_90s,100.0,462
playingtime,Bundesliga,2014-2015,games_starts,100.0,462
playingtime,Bundesliga,2014-2015,minutes_per_start,0.0,462
playingtime,Bundesliga,2014-2015,games_complete,99.8,462
playingtime,Bundesliga,2014-2015,games_subs,100.0,462
playingtime,Bundesliga,2014-2015,minutes_per_sub,0.0,462
playingtime,Bundesliga,2014-2015,unused_subs,100.0,462
playingtime,Bundesliga,2014-2015,points_per_game,99.8,462
playingtime,Bundesliga,2014-2015,on_goals_for,99.8,462
playingtime,Bundesliga,2014-2015,on_goals_against,99.8,462
playingtime,Bundesliga,2014-2015,plus_minus,99.8,462
playingtime,Bundesliga,2014-2015,plus_minus_per90,99.8,462
playingtime,Bundesliga,2014-2015,plus_minus_wowy,98.1,462
playingtime,Bundesliga,2014-2015,player_id,100.0,462
playingtime,Bundesliga,2014-2015,team_id,100.0,462
playingtime,Bundesliga,2015-2016,ranker,100.0,492
playingtime,Bundesliga,2015-2016,player,100.0,492
playingtime,Bundesliga,2015-2016,nationality,99.6,492
playingtime,Bundesliga,2015-2016,position,100.0,492
playingtime,Bundesliga,2015-2016,team,100.0,492
playingtime,Bundesliga,2015-2016,age,100.0,492
playingtime,Bundesliga,2015-2016,birth_year,100.0,492
playingtime,Bundesliga,2015-2016,games,100.0,492
playingtime,Bundesliga,2015-2016,minutes,100.0,492
playingtime,Bundesliga,2015-2016,minutes_per_game,100.0,492
playingtime,Bundesliga,2015-2016,minutes_pct,100.0,492
playingtime,Bundesliga,2015-2016,minutes_90s,100.0,492
playingtime,Bundesliga,2015-2016,games_starts,100.0,492
playingtime,Bundesliga,2015-2016,minutes_per_start,0.0,492
playingtime,Bundesliga,2015-2016,games_complete,100.0,492
playingtime,Bundesliga,2015-2016,games_subs,100.0,492
playingtime,Bundesliga,2015-2016,minutes_per_sub,0.0,492
playingtime,Bundesliga,2015-2016,unused_subs,100.0,492
playingtime,Bundesliga,2015-2016,points_per_game,100.0,492
playingtime,Bundesliga,2015-2016,on_goals_for,100.0,492
playingtime,Bundesliga,2015-2016,on_goals_against,100.0,492
playingtime,Bundesliga,2015-2016,plus_minus,100.0,492
playingtime,Bundesliga,2015-2016,plus_minus_per90,100.0,492
playingtime,Bundesliga,2015-2016,plus_minus_wowy,98.8,492
playingtime,Bundesliga,2015-2016,player_id,100.0,492
playingtime,Bundesliga,2015-2016,team_id,100.0,492
playingtime,Bundesliga,2016-2017,ranker,100.0,475
playingtime,Bundesliga,2016-2017,player,100.0,475
playingtime,Bundesliga,2016-2017,nationality,99.6,475
playingtime,Bundesliga,2016-2017,position,100.0,475
playingtime,Bundesliga,2016-2017,team,100.0,475
playingtime,Bundesliga,2016-2017,age,100.0,475
playingtime,Bundesliga,2016-2017,birth_year,100.0,475
playingtime,Bundesliga,2016-2017,games,100.0,475
playingtime,Bundesliga,2016-2017,minutes,100.0,475
playingtime,Bundesliga,2016-2017,minutes_per_game,100.0,475
playingtime,Bundesliga,2016-2017,minutes_pct,100.0,475
playingtime,Bundesliga,2016-2017,minutes_90s,100.0,475
playingtime,Bundesliga,2016-2017,games_starts,100.0,475
playingtime,Bundesliga,2016-2017,minutes_per_start,0.0,475
playingtime,Bundesliga,2016-2017,games_complete,99.8,475
playingtime,Bundesliga,2016-2017,games_subs,100.0,475
playingtime,Bundesliga,2016-2017,minutes_per_sub,0.0,475
playingtime,Bundesliga,2016-2017,unused_subs,100.0,475
playingtime,Bundesliga,2016-2017,points_per_game,99.8,475
playingtime,Bundesliga,2016-2017,on_goals_for,99.8,475
playingtime,Bundesliga,2016-2017,on_goals_against,99.8,475
playingtime,Bundesliga,2016-2017,plus_minus,99.8,475
playingtime,Bundesliga,2016-2017,plus_minus_per90,99.8,475
playingtime,Bundesliga,2016-2017,plus_minus_wowy,98.5,475
playingtime,Bundesliga,2016-2017,player_id,100.0,475
playingtime,Bundesliga,2016-2017,team_id,100.0,475
playingtime,Bundesliga,2017-2018,ranker,100.0,484
playingtime,Bundesliga,2017-2018,player,100.0,484
playingtime,Bundesliga,2017-2018,nationality,100.0,484
playingtime,Bundesliga,2017-2018,position,100.0,484
playingtime,Bundesliga,2017-2018,team,100.0,484
playingtime,Bundesliga,2017-2018,age,100.0,484
playingtime,Bundesliga,2017-2018,birth_year,100.0,484
playingtime,Bundesliga,2017-2018,games,100.0,484
playingtime,Bundesliga,2017-2018,minutes,100.0,484
playingtime,Bundesliga,2017-2018,minutes_per_game,100.0,484
playingtime,Bundesliga,2017-2018,minutes_pct,100.0,484
playingtime,Bundesliga,2017-2018,minutes_90s,100.0,484
playingtime,Bundesliga,2017-2018,games_starts,100.0,484
playingtime,Bundesliga,2017-2018,minutes_per_start,0.0,484
playingtime,Bundesliga,2017-2018,games_complete,100.0,484
playingtime,Bundesliga,2017-2018,games_subs,100.0,484
playingtime,Bundesliga,2017-2018,minutes_per_sub,0.0,484
playingtime,Bundesliga,2017-2018,unused_subs,100.0,484
playingtime,Bundesliga,2017-2018,points_per_game,100.0,484
playingtime,Bundesliga,2017-2018,on_goals_for,100.0,484
playingtime,Bundesliga,2017-2018,on_goals_against,100.0,484
playingtime,Bundesliga,2017-2018,plus_minus,100.0,484
playingtime,Bundesliga,2017-2018,plus_minus_per90,100.0,484
playingtime,Bundesliga,2017-2018,plus_minus_wowy,97.9,484
playingtime,Bundesliga,2017-2018,player_id,100.0,484
playingtime,Bundesliga,2017-2018,team_id,100.0,484
playingtime,Bundesliga,2018-2019,ranker,100.0,474
playingtime,Bundesliga,2018-2019,player,100.0,474
playingtime,Bundesliga,2018-2019,nationality,100.0,474
playingtime,Bundesliga,2018-2019,position,100.0,474
playingtime,Bundesliga,2018-2019,team,100.0,474
playingtime,Bundesliga,2018-2019,age,100.0,474
playingtime,Bundesliga,2018-2019,birth_year,100.0,474
playingtime,Bundesliga,2018-2019,games,100.0,474
playingtime,Bundesliga,2018-2019,minutes,100.0,474
playingtime,Bundesliga,2018-2019,minutes_per_game,100.0,474
playingtime,Bundesliga,2018-2019,minutes_pct,100.0,474
playingtime,Bundesliga,2018-2019,minutes_90s,100.0,474
playingtime,Bundesliga,2018-2019,games_starts,100.0,474
playingtime,Bundesliga,2018-2019,minutes_per_start,91.4,474
playingtime,Bundesliga,2018-2019,games_complete,100.0,474
playingtime,Bundesliga,2018-2019,games_subs,100.0,474
playingtime,Bundesliga,2018-2019,minutes_per_sub,77.4,474
playingtime,Bundesliga,2018-2019,unused_subs,100.0,474
playingtime,Bundesliga,2018-2019,points_per_game,100.0,474
playingtime,Bundesliga,2018-2019,on_goals_for,100.0,474
playingtime,Bundesliga,2018-2019,on_goals_against,100.0,474
playingtime,Bundesliga,2018-2019,plus_minus,100.0,474
playingtime,Bundesliga,2018-2019,plus_minus_per90,100.0,474
playingtime,Bundesliga,2018-2019,plus_minus_wowy,99.2,474
playingtime,Bundesliga,2018-2019,player_id,100.0,474
playingtime,Bundesliga,2018-2019,team_id,100.0,474
playingtime,Bundesliga,2019-2020,ranker,100.0,498
playingtime,Bundesliga,2019-2020,player,100.0,498
playingtime,Bundesliga,2019-2020,nationality,100.0,498
playingtime,Bundesliga,2019-2020,position,100.0,498
playingtime,Bundesliga,2019-2020,team,100.0,498
playingtime,Bundesliga,2019-2020,age,100.0,498
playingtime,Bundesliga,2019-2020,birth_year,100.0,498
playingtime,Bundesliga,2019-2020,games,100.0,498
playingtime,Bundesliga,2019-2020,minutes,100.0,498
playingtime,Bundesliga,2019-2020,minutes_per_game,100.0,498
playingtime,Bundesliga,2019-2020,minutes_pct,100.0,498
playingtime,Bundesliga,2019-2020,minutes_90s,100.0,498
playingtime,Bundesliga,2019-2020,games_starts,100.0,498
playingtime,Bundesliga,2019-2020,minutes_per_start,90.2,498
playingtime,Bundesliga,2019-2020,games_complete,100.0,498
playingtime,Bundesliga,2019-2020,games_subs,100.0,498
playingtime,Bundesliga,2019-2020,minutes_per_sub,82.3,498
playingtime,Bundesliga,2019-2020,unused_subs,100.0,498
playingtime,Bundesliga,2019-2020,points_per_game,100.0,498
playingtime,Bundesliga,2019-2020,on_goals_for,100.0,498
playingtime,Bundesliga,2019-2020,on_goals_against,100.0,498
playingtime,Bundesliga,2019-2020,plus_minus,100.0,498
playingtime,Bundesliga,2019-2020,plus_minus_per90,100.0,498
playingtime,Bundesliga,2019-2020,plus_minus_wowy,99.4,498
playingtime,Bundesliga,2019-2020,player_id,100.0,498
playingtime,Bundesliga,2019-2020,team_id,100.0,498
playingtime,Bundesliga,2020-2021,ranker,100.0,505
playingtime,Bundesliga,2020-2021,player,100.0,505
playingtime,Bundesliga,2020-2021,nationality,100.0,505
playingtime,Bundesliga,2020-2021,position,100.0,505
playingtime,Bundesliga,2020-2021,team,100.0,505
playingtime,Bundesliga,2020-2021,age,100.0,505
playingtime,Bundesliga,2020-2021,birth_year,100.0,505
playingtime,Bundesliga,2020-2021,games,100.0,505
playingtime,Bundesliga,2020-2021,minutes,100.0,505
playingtime,Bundesliga,2020-2021,minutes_per_game,100.0,505
playingtime,Bundesliga,2020-2021,minutes_pct,100.0,505
playingtime,Bundesliga,2020-2021,minutes_90s,100.0,505
playingtime,Bundesliga,2020-2021,games_starts,100.0,505
playingtime,Bundesliga,2020-2021,minutes_per_start,88.7,505
playingtime,Bundesliga,2020-2021,games_complete,100.0,505
playingtime,Bundesliga,2020-2021,games_subs,100.0,505
playingtime,Bundesliga,2020-2021,minutes_per_sub,84.6,505
playingtime,Bundesliga,2020-2021,unused_subs,100.0,505
playingtime,Bundesliga,2020-2021,points_per_game,100.0,505
playingtime,Bundesliga,2020-2021,on_goals_for,100.0,505
playingtime,Bundesliga,2020-2021,on_goals_against,100.0,505
playingtime,Bundesliga,2020-2021,plus_minus,100.0,505
playingtime,Bundesliga,2020-2021,plus_minus_per90,100.0,505
playingtime,Bundesliga,2020-2021,plus_minus_wowy,98.8,505
playingtime,Bundesliga,2020-2021,player_id,100.0,505
playingtime,Bundesliga,2020-2021,team_id,100.0,505
playingtime,Bundesliga,2021-2022,ranker,100.0,523
playingtime,Bundesliga,2021-2022,player,100.0,523
playingtime,Bundesliga,2021-2022,nationality,100.0,523
playingtime,Bundesliga,2021-2022,position,100.0,523
playingtime,Bundesliga,2021-2022,team,100.0,523
playingtime,Bundesliga,2021-2022,age,100.0,523
playingtime,Bundesliga,2021-2022,birth_year,100.0,523
playingtime,Bundesliga,2021-2022,games,100.0,523
playingtime,Bundesliga,2021-2022,minutes,100.0,523
playingtime,Bundesliga,2021-2022,minutes_per_game,100.0,523
playingtime,Bundesliga,2021-2022,minutes_pct,100.0,523
playingtime,Bundesliga,2021-2022,minutes_90s,100.0,523
playingtime,Bundesliga,2021-2022,games_starts,100.0,523
playingtime,Bundesliga,2021-2022,minutes_per_start,84.9,523
playingtime,Bundesliga,2021-2022,games_complete,100.0,523
playingtime,Bundesliga,2021-2022,games_subs,100.0,523
playingtime,Bundesliga,2021-2022,minutes_per_sub,82.8,523
playingtime,Bundesliga,2021-2022,unused_subs,100.0,523
playingtime,Bundesliga,2021-2022,points_per_game,100.0,523
playingtime,Bundesliga,2021-2022,on_goals_for,100.0,523
playingtime,Bundesliga,2021-2022,on_goals_against,100.0,523
playingtime,Bundesliga,2021-2022,plus_minus,100.0,523
playingtime,Bundesliga,2021-2022,plus_minus_per90,100.0,523
playingtime,Bundesliga,2021-2022,plus_minus_wowy,99.6,523
playingtime,Bundesliga,2021-2022,player_id,100.0,523
playingtime,Bundesliga,2021-2022,team_id,100.0,523
playingtime,Bundesliga,2022-2023,ranker,100.0,515
playingtime,Bundesliga,2022-2023,player,100.0,515
playingtime,Bundesliga,2022-2023,nationality,100.0,515
playingtime,Bundesliga,2022-2023,position,100.0,515
playingtime,Bundesliga,2022-2023,team,100.0,515
playingtime,Bundesliga,2022-2023,age,100.0,515
playingtime,Bundesliga,2022-2023,birth_year,100.0,515
playingtime,Bundesliga,2022-2023,games,100.0,515
playingtime,Bundesliga,2022-2023,minutes,100.0,515
playingtime,Bundesliga,2022-2023,minutes_per_game,100.0,515
playingtime,Bundesliga,2022-2023,minutes_pct,100.0,515
playingtime,Bundesliga,2022-2023,minutes_90s,100.0,515
playingtime,Bundesliga,2022-2023,games_starts,100.0,515
playingtime,Bundesliga,2022-2023,minutes_per_start,83.9,515
playingtime,Bundesliga,2022-2023,games_complete,100.0,515
playingtime,Bundesliga,2022-2023,games_subs,100.0,515
playingtime,Bundesliga,2022-2023,minutes_per_sub,84.3,515
playingtime,Bundesliga,2022-2023,unused_subs,100.0,515
playingtime,Bundesliga,2022-2023,points_per_game,100.0,515
playingtime,Bundesliga,2022-2023,on_goals_for,100.0,515
playingtime,Bundesliga,2022-2023,on_goals_against,100.0,515
playingtime,Bundesliga,2022-2023,plus_minus,100.0,515
playingtime,Bundesliga,2022-2023,plus_minus_per90,100.0,515
playingtime,Bundesliga,2022-2023,plus_minus_wowy,98.8,515
playingtime,Bundesliga,2022-2023,player_id,100.0,515
playingtime,Bundesliga,2022-2023,team_id,100.0,515
playingtime,Bundesliga,2023-2024,ranker,100.0,507
playingtime,Bundesliga,2023-2024,player,100.0,507
playingtime,Bundesliga,2023-2024,nationality,99.8,507
playingtime,Bundesliga,2023-2024,position,100.0,507
playingtime,Bundesliga,2023-2024,team,100.0,507
playingtime,Bundesliga,2023-2024,age,100.0,507
playingtime,Bundesliga,2023-2024,birth_year,100.0,507
playingtime,Bundesliga,2023-2024,games,100.0,507
playingtime,Bundesliga,2023-2024,minutes,100.0,507
playingtime,Bundesliga,2023-2024,minutes_per_game,100.0,507
playingtime,Bundesliga,2023-2024,minutes_pct,100.0,507
playingtime,Bundesliga,2023-2024,minutes_90s,100.0,507
playingtime,Bundesliga,2023-2024,games_starts,100.0,507
playingtime,Bundesliga,2023-2024,minutes_per_start,84.6,507
playingtime,Bundesliga,2023-2024,games_complete,100.0,507
playingtime,Bundesliga,2023-2024,games_subs,100.0,507
playingtime,Bundesliga,2023-2024,minutes_per_sub,86.4,507
playingtime,Bundesliga,2023-2024,unused_subs,100.0,507
playingtime,Bundesliga,2023-2024,points_per_game,100.0,507
playingtime,Bundesliga,2023-2024,on_goals_for,100.0,507
playingtime,Bundesliga,2023-2024,on_goals_against,100.0,507
playingtime,Bundesliga,2023-2024,plus_minus,100.0,507
playingtime,Bundesliga,2023-2024,plus_minus_per90,100.0,507
playingtime,Bundesliga,2023-2024,plus_minus_wowy,99.0,507
playingtime,Bundesliga,2023-2024,player_id,100.0,507
playingtime,Bundesliga,2023-2024,team_id,100.0,507
playingtime,Bundesliga,2024-2025,ranker,100.0,492
playingtime,Bundesliga,2024-2025,player,100.0,492
playingtime,Bundesliga,2024-2025,nationality,100.0,492
playingtime,Bundesliga,2024-2025,position,100.0,492
playingtime,Bundesliga,2024-2025,team,100.0,492
playingtime,Bundesliga,2024-2025,age,100.0,492
playingtime,Bundesliga,2024-2025,birth_year,100.0,492
playingtime,Bundesliga,2024-2025,games,100.0,492
playingtime,Bundesliga,2024-2025,minutes,100.0,492
playingtime,Bundesliga,2024-2025,minutes_per_game,100.0,492
playingtime,Bundesliga,2024-2025,minutes_pct,100.0,492
playingtime,Bundesliga,2024-2025,minutes_90s,100.0,492
playingtime,Bundesliga,2024-2025,games_starts,100.0,492
playingtime,Bundesliga,2024-2025,minutes_per_start,88.6,492
playingtime,Bundesliga,2024-2025,games_complete,100.0,492
playingtime,Bundesliga,2024-2025,games_subs,100.0,492
playingtime,Bundesliga,2024-2025,minutes_per_sub,83.7,492
playingtime,Bundesliga,2024-2025,unused_subs,100.0,492
playingtime,Bundesliga,2024-2025,points_per_game,100.0,492
playingtime,Bundesliga,2024-2025,on_goals_for,100.0,492
playingtime,Bundesliga,2024-2025,on_goals_against,100.0,492
playingtime,Bundesliga,2024-2025,plus_minus,100.0,492
playingtime,Bundesliga,2024-2025,plus_minus_per90,100.0,492
playingtime,Bundesliga,2024-2025,plus_minus_wowy,99.2,492
playingtime,Bundesliga,2024-2025,player_id,100.0,492
playingtime,Bundesliga,2024-2025,team_id,100.0,492
playingtime,Bundesliga,2025-2026,ranker,100.0,507
playingtime,Bundesliga,2025-2026,player,100.0,507
playingtime,Bundesliga,2025-2026,nationality,100.0,507
playingtime,Bundesliga,2025-2026,position,100.0,507
playingtime,Bundesliga,2025-2026,team,100.0,507
playingtime,Bundesliga,2025-2026,age,100.0,507
playingtime,Bundesliga,2025-2026,birth_year,100.0,507
playingtime,Bundesliga,2025-2026,games,100.0,507
playingtime,Bundesliga,2025-2026,minutes,100.0,507
playingtime,Bundesliga,2025-2026,minutes_per_game,100.0,507
playingtime,Bundesliga,2025-2026,minutes_pct,100.0,507
playingtime,Bundesliga,2025-2026,minutes_90s,100.0,507
playingtime,Bundesliga,2025-2026,games_starts,100.0,507
playingtime,Bundesliga,2025-2026,minutes_per_start,86.8,507
playingtime,Bundesliga,2025-2026,games_complete,100.0,507
playingtime,Bundesliga,2025-2026,games_subs,100.0,507
playingtime,Bundesliga,2025-2026,minutes_per_sub,87.8,507
playingtime,Bundesliga,2025-2026,unused_subs,100.0,507
playingtime,Bundesliga,2025-2026,points_per_game,100.0,507
playingtime,Bundesliga,2025-2026,on_goals_for,100.0,507
playingtime,Bundesliga,2025-2026,on_goals_against,100.0,507
playingtime,Bundesliga,2025-2026,plus_minus,100.0,507
playingtime,Bundesliga,2025-2026,plus_minus_per90,100.0,507
playingtime,Bundesliga,2025-2026,plus_minus_wowy,97.6,507
playingtime,Bundesliga,2025-2026,player_id,100.0,507
playingtime,Bundesliga,2025-2026,team_id,100.0,507
playingtime,Eredivisie,2010-2011,ranker,100.0,488
playingtime,Eredivisie,2010-2011,player,100.0,488
playingtime,Eredivisie,2010-2011,nationality,99.8,488
playingtime,Eredivisie,2010-2011,position,99.8,488
playingtime,Eredivisie,2010-2011,team,100.0,488
playingtime,Eredivisie,2010-2011,age,99.6,488
playingtime,Eredivisie,2010-2011,birth_year,99.8,488
playingtime,Eredivisie,2010-2011,games,100.0,488
playingtime,Eredivisie,2010-2011,minutes,100.0,488
playingtime,Eredivisie,2010-2011,minutes_per_game,100.0,488
playingtime,Eredivisie,2010-2011,minutes_pct,100.0,488
playingtime,Eredivisie,2010-2011,minutes_90s,100.0,488
playingtime,Eredivisie,2010-2011,games_starts,100.0,488
playingtime,Eredivisie,2010-2011,minutes_per_start,0.0,488
playingtime,Eredivisie,2010-2011,games_complete,84.4,488
playingtime,Eredivisie,2010-2011,games_subs,100.0,488
playingtime,Eredivisie,2010-2011,minutes_per_sub,0.0,488
playingtime,Eredivisie,2010-2011,unused_subs,0.0,488
playingtime,Eredivisie,2010-2011,points_per_game,0.0,488
playingtime,Eredivisie,2010-2011,on_goals_for,0.0,488
playingtime,Eredivisie,2010-2011,on_goals_against,0.0,488
playingtime,Eredivisie,2010-2011,plus_minus,0.0,488
playingtime,Eredivisie,2010-2011,plus_minus_per90,0.0,488
playingtime,Eredivisie,2010-2011,plus_minus_wowy,0.0,488
playingtime,Eredivisie,2010-2011,player_id,100.0,488
playingtime,Eredivisie,2010-2011,team_id,100.0,488
playingtime,Eredivisie,2011-2012,ranker,100.0,475
playingtime,Eredivisie,2011-2012,player,100.0,475
playingtime,Eredivisie,2011-2012,nationality,100.0,475
playingtime,Eredivisie,2011-2012,position,100.0,475
playingtime,Eredivisie,2011-2012,team,100.0,475
playingtime,Eredivisie,2011-2012,age,99.8,475
playingtime,Eredivisie,2011-2012,birth_year,100.0,475
playingtime,Eredivisie,2011-2012,games,100.0,475
playingtime,Eredivisie,2011-2012,minutes,100.0,475
playingtime,Eredivisie,2011-2012,minutes_per_game,100.0,475
playingtime,Eredivisie,2011-2012,minutes_pct,100.0,475
playingtime,Eredivisie,2011-2012,minutes_90s,100.0,475
playingtime,Eredivisie,2011-2012,games_starts,100.0,475
playingtime,Eredivisie,2011-2012,minutes_per_start,0.0,475
playingtime,Eredivisie,2011-2012,games_complete,85.7,475
playingtime,Eredivisie,2011-2012,games_subs,100.0,475
playingtime,Eredivisie,2011-2012,minutes_per_sub,0.0,475
playingtime,Eredivisie,2011-2012,unused_subs,0.0,475
playingtime,Eredivisie,2011-2012,points_per_game,0.0,475
playingtime,Eredivisie,2011-2012,on_goals_for,0.0,475
playingtime,Eredivisie,2011-2012,on_goals_against,0.0,475
playingtime,Eredivisie,2011-2012,plus_minus,0.0,475
playingtime,Eredivisie,2011-2012,plus_minus_per90,0.0,475
playingtime,Eredivisie,2011-2012,plus_minus_wowy,0.0,475
playingtime,Eredivisie,2011-2012,player_id,100.0,475
playingtime,Eredivisie,2011-2012,team_id,100.0,475
playingtime,Eredivisie,2012-2013,ranker,100.0,469
playingtime,Eredivisie,2012-2013,player,100.0,469
playingtime,Eredivisie,2012-2013,nationality,99.8,469
playingtime,Eredivisie,2012-2013,position,100.0,469
playingtime,Eredivisie,2012-2013,team,100.0,469
playingtime,Eredivisie,2012-2013,age,100.0,469
playingtime,Eredivisie,2012-2013,birth_year,100.0,469
playingtime,Eredivisie,2012-2013,games,100.0,469
playingtime,Eredivisie,2012-2013,minutes,100.0,469
playingtime,Eredivisie,2012-2013,minutes_per_game,100.0,469
playingtime,Eredivisie,2012-2013,minutes_pct,100.0,469
playingtime,Eredivisie,2012-2013,minutes_90s,100.0,469
playingtime,Eredivisie,2012-2013,games_starts,100.0,469
playingtime,Eredivisie,2012-2013,minutes_per_start,0.0,469
playingtime,Eredivisie,2012-2013,games_complete,86.8,469
playingtime,Eredivisie,2012-2013,games_subs,100.0,469
playingtime,Eredivisie,2012-2013,minutes_per_sub,0.0,469
playingtime,Eredivisie,2012-2013,unused_subs,0.0,469
playingtime,Eredivisie,2012-2013,points_per_game,0.0,469
playingtime,Eredivisie,2012-2013,on_goals_for,0.0,469
playingtime,Eredivisie,2012-2013,on_goals_against,0.0,469
playingtime,Eredivisie,2012-2013,plus_minus,0.0,469
playingtime,Eredivisie,2012-2013,plus_minus_per90,0.0,469
playingtime,Eredivisie,2012-2013,plus_minus_wowy,0.0,469
playingtime,Eredivisie,2012-2013,player_id,100.0,469
playingtime,Eredivisie,2012-2013,team_id,100.0,469
playingtime,Eredivisie,2013-2014,ranker,100.0,464
playingtime,Eredivisie,2013-2014,player,100.0,464
playingtime,Eredivisie,2013-2014,nationality,100.0,464
playingtime,Eredivisie,2013-2014,position,100.0,464
playingtime,Eredivisie,2013-2014,team,100.0,464
playingtime,Eredivisie,2013-2014,age,100.0,464
playingtime,Eredivisie,2013-2014,birth_year,100.0,464
playingtime,Eredivisie,2013-2014,games,100.0,464
playingtime,Eredivisie,2013-2014,minutes,100.0,464
playingtime,Eredivisie,2013-2014,minutes_per_game,100.0,464
playingtime,Eredivisie,2013-2014,minutes_pct,100.0,464
playingtime,Eredivisie,2013-2014,minutes_90s,100.0,464
playingtime,Eredivisie,2013-2014,games_starts,100.0,464
playingtime,Eredivisie,2013-2014,minutes_per_start,0.0,464
playingtime,Eredivisie,2013-2014,games_complete,89.9,464
playingtime,Eredivisie,2013-2014,games_subs,100.0,464
playingtime,Eredivisie,2013-2014,minutes_per_sub,0.0,464
playingtime,Eredivisie,2013-2014,unused_subs,0.0,464
playingtime,Eredivisie,2013-2014,points_per_game,0.0,464
playingtime,Eredivisie,2013-2014,on_goals_for,0.0,464
playingtime,Eredivisie,2013-2014,on_goals_against,0.0,464
playingtime,Eredivisie,2013-2014,plus_minus,0.0,464
playingtime,Eredivisie,2013-2014,plus_minus_per90,0.0,464
playingtime,Eredivisie,2013-2014,plus_minus_wowy,0.0,464
playingtime,Eredivisie,2013-2014,player_id,100.0,464
playingtime,Eredivisie,2013-2014,team_id,100.0,464
playingtime,Eredivisie,2014-2015,ranker,100.0,480
playingtime,Eredivisie,2014-2015,player,100.0,480
playingtime,Eredivisie,2014-2015,nationality,100.0,480
playingtime,Eredivisie,2014-2015,position,100.0,480
playingtime,Eredivisie,2014-2015,team,100.0,480
playingtime,Eredivisie,2014-2015,age,100.0,480
playingtime,Eredivisie,2014-2015,birth_year,100.0,480
playingtime,Eredivisie,2014-2015,games,100.0,480
playingtime,Eredivisie,2014-2015,minutes,100.0,480
playingtime,Eredivisie,2014-2015,minutes_per_game,100.0,480
playingtime,Eredivisie,2014-2015,minutes_pct,100.0,480
playingtime,Eredivisie,2014-2015,minutes_90s,100.0,480
playingtime,Eredivisie,2014-2015,games_starts,100.0,480
playingtime,Eredivisie,2014-2015,minutes_per_start,0.0,480
playingtime,Eredivisie,2014-2015,games_complete,99.4,480
playingtime,Eredivisie,2014-2015,games_subs,100.0,480
playingtime,Eredivisie,2014-2015,minutes_per_sub,0.0,480
playingtime,Eredivisie,2014-2015,unused_subs,100.0,480
playingtime,Eredivisie,2014-2015,points_per_game,99.2,480
playingtime,Eredivisie,2014-2015,on_goals_for,99.2,480
playingtime,Eredivisie,2014-2015,on_goals_against,99.2,480
playingtime,Eredivisie,2014-2015,plus_minus,99.2,480
playingtime,Eredivisie,2014-2015,plus_minus_per90,99.2,480
playingtime,Eredivisie,2014-2015,plus_minus_wowy,98.3,480
playingtime,Eredivisie,2014-2015,player_id,100.0,480
playingtime,Eredivisie,2014-2015,team_id,100.0,480
playingtime,Eredivisie,2015-2016,ranker,100.0,473
playingtime,Eredivisie,2015-2016,player,100.0,473
playingtime,Eredivisie,2015-2016,nationality,100.0,473
playingtime,Eredivisie,2015-2016,position,100.0,473
playingtime,Eredivisie,2015-2016,team,100.0,473
playingtime,Eredivisie,2015-2016,age,100.0,473
playingtime,Eredivisie,2015-2016,birth_year,100.0,473
playingtime,Eredivisie,2015-2016,games,100.0,473
playingtime,Eredivisie,2015-2016,minutes,100.0,473
playingtime,Eredivisie,2015-2016,minutes_per_game,100.0,473
playingtime,Eredivisie,2015-2016,minutes_pct,100.0,473
playingtime,Eredivisie,2015-2016,minutes_90s,100.0,473
playingtime,Eredivisie,2015-2016,games_starts,100.0,473
playingtime,Eredivisie,2015-2016,minutes_per_start,0.0,473
playingtime,Eredivisie,2015-2016,games_complete,100.0,473
playingtime,Eredivisie,2015-2016,games_subs,100.0,473
playingtime,Eredivisie,2015-2016,minutes_per_sub,0.0,473
playingtime,Eredivisie,2015-2016,unused_subs,100.0,473
playingtime,Eredivisie,2015-2016,points_per_game,100.0,473
playingtime,Eredivisie,2015-2016,on_goals_for,100.0,473
playingtime,Eredivisie,2015-2016,on_goals_against,100.0,473
playingtime,Eredivisie,2015-2016,plus_minus,100.0,473
playingtime,Eredivisie,2015-2016,plus_minus_per90,100.0,473
playingtime,Eredivisie,2015-2016,plus_minus_wowy,98.1,473
playingtime,Eredivisie,2015-2016,player_id,100.0,473
playingtime,Eredivisie,2015-2016,team_id,100.0,473
playingtime,Eredivisie,2016-2017,ranker,100.0,484
playingtime,Eredivisie,2016-2017,player,100.0,484
playingtime,Eredivisie,2016-2017,nationality,99.8,484
playingtime,Eredivisie,2016-2017,position,100.0,484
playingtime,Eredivisie,2016-2017,team,100.0,484
playingtime,Eredivisie,2016-2017,age,100.0,484
playingtime,Eredivisie,2016-2017,birth_year,100.0,484
playingtime,Eredivisie,2016-2017,games,100.0,484
playingtime,Eredivisie,2016-2017,minutes,100.0,484
playingtime,Eredivisie,2016-2017,minutes_per_game,100.0,484
playingtime,Eredivisie,2016-2017,minutes_pct,100.0,484
playingtime,Eredivisie,2016-2017,minutes_90s,100.0,484
playingtime,Eredivisie,2016-2017,games_starts,100.0,484
playingtime,Eredivisie,2016-2017,minutes_per_start,0.0,484
playingtime,Eredivisie,2016-2017,games_complete,99.8,484
playingtime,Eredivisie,2016-2017,games_subs,100.0,484
playingtime,Eredivisie,2016-2017,minutes_per_sub,0.0,484
playingtime,Eredivisie,2016-2017,unused_subs,100.0,484
playingtime,Eredivisie,2016-2017,points_per_game,99.8,484
playingtime,Eredivisie,2016-2017,on_goals_for,99.8,484
playingtime,Eredivisie,2016-2017,on_goals_against,99.8,484
playingtime,Eredivisie,2016-2017,plus_minus,99.8,484
playingtime,Eredivisie,2016-2017,plus_minus_per90,99.8,484
playingtime,Eredivisie,2016-2017,plus_minus_wowy,97.5,484
playingtime,Eredivisie,2016-2017,player_id,100.0,484
playingtime,Eredivisie,2016-2017,team_id,100.0,484
playingtime,Eredivisie,2017-2018,ranker,100.0,477
playingtime,Eredivisie,2017-2018,player,100.0,477
playingtime,Eredivisie,2017-2018,nationality,100.0,477
playingtime,Eredivisie,2017-2018,position,100.0,477
playingtime,Eredivisie,2017-2018,team,100.0,477
playingtime,Eredivisie,2017-2018,age,100.0,477
playingtime,Eredivisie,2017-2018,birth_year,100.0,477
playingtime,Eredivisie,2017-2018,games,100.0,477
playingtime,Eredivisie,2017-2018,minutes,100.0,477
playingtime,Eredivisie,2017-2018,minutes_per_game,100.0,477
playingtime,Eredivisie,2017-2018,minutes_pct,100.0,477
playingtime,Eredivisie,2017-2018,minutes_90s,100.0,477
playingtime,Eredivisie,2017-2018,games_starts,100.0,477
playingtime,Eredivisie,2017-2018,minutes_per_start,0.0,477
playingtime,Eredivisie,2017-2018,games_complete,100.0,477
playingtime,Eredivisie,2017-2018,games_subs,100.0,477
playingtime,Eredivisie,2017-2018,minutes_per_sub,0.0,477
playingtime,Eredivisie,2017-2018,unused_subs,100.0,477
playingtime,Eredivisie,2017-2018,points_per_game,99.8,477
playingtime,Eredivisie,2017-2018,on_goals_for,99.8,477
playingtime,Eredivisie,2017-2018,on_goals_against,99.8,477
playingtime,Eredivisie,2017-2018,plus_minus,99.8,477
playingtime,Eredivisie,2017-2018,plus_minus_per90,99.8,477
playingtime,Eredivisie,2017-2018,plus_minus_wowy,98.5,477
playingtime,Eredivisie,2017-2018,player_id,100.0,477
playingtime,Eredivisie,2017-2018,team_id,100.0,477
playingtime,Eredivisie,2018-2019,ranker,100.0,479
playingtime,Eredivisie,2018-2019,player,100.0,479
playingtime,Eredivisie,2018-2019,nationality,99.8,479
playingtime,Eredivisie,2018-2019,position,100.0,479
playingtime,Eredivisie,2018-2019,team,100.0,479
playingtime,Eredivisie,2018-2019,age,100.0,479
playingtime,Eredivisie,2018-2019,birth_year,100.0,479
playingtime,Eredivisie,2018-2019,games,100.0,479
playingtime,Eredivisie,2018-2019,minutes,99.8,479
playingtime,Eredivisie,2018-2019,minutes_per_game,100.0,479
playingtime,Eredivisie,2018-2019,minutes_pct,100.0,479
playingtime,Eredivisie,2018-2019,minutes_90s,100.0,479
playingtime,Eredivisie,2018-2019,games_starts,100.0,479
playingtime,Eredivisie,2018-2019,minutes_per_start,86.2,479
playingtime,Eredivisie,2018-2019,games_complete,100.0,479
playingtime,Eredivisie,2018-2019,games_subs,100.0,479
playingtime,Eredivisie,2018-2019,minutes_per_sub,76.0,479
playingtime,Eredivisie,2018-2019,unused_subs,100.0,479
playingtime,Eredivisie,2018-2019,points_per_game,99.6,479
playingtime,Eredivisie,2018-2019,on_goals_for,99.8,479
playingtime,Eredivisie,2018-2019,on_goals_against,99.8,479
playingtime,Eredivisie,2018-2019,plus_minus,99.8,479
playingtime,Eredivisie,2018-2019,plus_minus_per90,99.8,479
playingtime,Eredivisie,2018-2019,plus_minus_wowy,98.3,479
playingtime,Eredivisie,2018-2019,player_id,100.0,479
playingtime,Eredivisie,2018-2019,team_id,100.0,479
playingtime,Eredivisie,2019-2020,ranker,100.0,484
playingtime,Eredivisie,2019-2020,player,100.0,484
playingtime,Eredivisie,2019-2020,nationality,100.0,484
playingtime,Eredivisie,2019-2020,position,100.0,484
playingtime,Eredivisie,2019-2020,team,100.0,484
playingtime,Eredivisie,2019-2020,age,100.0,484
playingtime,Eredivisie,2019-2020,birth_year,100.0,484
playingtime,Eredivisie,2019-2020,games,100.0,484
playingtime,Eredivisie,2019-2020,minutes,100.0,484
playingtime,Eredivisie,2019-2020,minutes_per_game,100.0,484
playingtime,Eredivisie,2019-2020,minutes_pct,100.0,484
playingtime,Eredivisie,2019-2020,minutes_90s,100.0,484
playingtime,Eredivisie,2019-2020,games_starts,100.0,484
playingtime,Eredivisie,2019-2020,minutes_per_start,87.6,484
playingtime,Eredivisie,2019-2020,games_complete,100.0,484
playingtime,Eredivisie,2019-2020,games_subs,100.0,484
playingtime,Eredivisie,2019-2020,minutes_per_sub,68.0,484
playingtime,Eredivisie,2019-2020,unused_subs,100.0,484
playingtime,Eredivisie,2019-2020,points_per_game,100.0,484
playingtime,Eredivisie,2019-2020,on_goals_for,100.0,484
playingtime,Eredivisie,2019-2020,on_goals_against,100.0,484
playingtime,Eredivisie,2019-2020,plus_minus,100.0,484
playingtime,Eredivisie,2019-2020,plus_minus_per90,100.0,484
playingtime,Eredivisie,2019-2020,plus_minus_wowy,97.9,484
playingtime,Eredivisie,2019-2020,player_id,100.0,484
playingtime,Eredivisie,2019-2020,team_id,100.0,484
playingtime,Eredivisie,2020-2021,ranker,100.0,522
playingtime,Eredivisie,2020-2021,player,100.0,522
playingtime,Eredivisie,2020-2021,nationality,100.0,522
playingtime,Eredivisie,2020-2021,position,100.0,522
playingtime,Eredivisie,2020-2021,team,100.0,522
playingtime,Eredivisie,2020-2021,age,100.0,522
playingtime,Eredivisie,2020-2021,birth_year,100.0,522
playingtime,Eredivisie,2020-2021,games,100.0,522
playingtime,Eredivisie,2020-2021,minutes,100.0,522
playingtime,Eredivisie,2020-2021,minutes_per_game,100.0,522
playingtime,Eredivisie,2020-2021,minutes_pct,100.0,522
playingtime,Eredivisie,2020-2021,minutes_90s,100.0,522
playingtime,Eredivisie,2020-2021,games_starts,100.0,522
playingtime,Eredivisie,2020-2021,minutes_per_start,85.2,522
playingtime,Eredivisie,2020-2021,games_complete,100.0,522
playingtime,Eredivisie,2020-2021,games_subs,100.0,522
playingtime,Eredivisie,2020-2021,minutes_per_sub,82.0,522
playingtime,Eredivisie,2020-2021,unused_subs,100.0,522
playingtime,Eredivisie,2020-2021,points_per_game,99.6,522
playingtime,Eredivisie,2020-2021,on_goals_for,100.0,522
playingtime,Eredivisie,2020-2021,on_goals_against,100.0,522
playingtime,Eredivisie,2020-2021,plus_minus,100.0,522
playingtime,Eredivisie,2020-2021,plus_minus_per90,100.0,522
playingtime,Eredivisie,2020-2021,plus_minus_wowy,98.9,522
playingtime,Eredivisie,2020-2021,player_id,100.0,522
playingtime,Eredivisie,2020-2021,team_id,100.0,522
playingtime,Eredivisie,2021-2022,ranker,100.0,533
playingtime,Eredivisie,2021-2022,player,100.0,533
playingtime,Eredivisie,2021-2022,nationality,100.0,533
playingtime,Eredivisie,2021-2022,position,100.0,533
playingtime,Eredivisie,2021-2022,team,100.0,533
playingtime,Eredivisie,2021-2022,age,100.0,533
playingtime,Eredivisie,2021-2022,birth_year,100.0,533
playingtime,Eredivisie,2021-2022,games,100.0,533
playingtime,Eredivisie,2021-2022,minutes,100.0,533
playingtime,Eredivisie,2021-2022,minutes_per_game,100.0,533
playingtime,Eredivisie,2021-2022,minutes_pct,100.0,533
playingtime,Eredivisie,2021-2022,minutes_90s,100.0,533
playingtime,Eredivisie,2021-2022,games_starts,100.0,533
playingtime,Eredivisie,2021-2022,minutes_per_start,81.6,533
playingtime,Eredivisie,2021-2022,games_complete,100.0,533
playingtime,Eredivisie,2021-2022,games_subs,100.0,533
playingtime,Eredivisie,2021-2022,minutes_per_sub,81.6,533
playingtime,Eredivisie,2021-2022,unused_subs,100.0,533
playingtime,Eredivisie,2021-2022,points_per_game,99.4,533
playingtime,Eredivisie,2021-2022,on_goals_for,100.0,533
playingtime,Eredivisie,2021-2022,on_goals_against,100.0,533
playingtime,Eredivisie,2021-2022,plus_minus,100.0,533
playingtime,Eredivisie,2021-2022,plus_minus_per90,100.0,533
playingtime,Eredivisie,2021-2022,plus_minus_wowy,99.4,533
playingtime,Eredivisie,2021-2022,player_id,100.0,533
playingtime,Eredivisie,2021-2022,team_id,100.0,533
playingtime,Eredivisie,2022-2023,ranker,100.0,526
playingtime,Eredivisie,2022-2023,player,100.0,526
playingtime,Eredivisie,2022-2023,nationality,100.0,526
playingtime,Eredivisie,2022-2023,position,100.0,526
playingtime,Eredivisie,2022-2023,team,100.0,526
playingtime,Eredivisie,2022-2023,age,100.0,526
playingtime,Eredivisie,2022-2023,birth_year,100.0,526
playingtime,Eredivisie,2022-2023,games,100.0,526
playingtime,Eredivisie,2022-2023,minutes,100.0,526
playingtime,Eredivisie,2022-2023,minutes_per_game,100.0,526
playingtime,Eredivisie,2022-2023,minutes_pct,100.0,526
playingtime,Eredivisie,2022-2023,minutes_90s,100.0,526
playingtime,Eredivisie,2022-2023,games_starts,100.0,526
playingtime,Eredivisie,2022-2023,minutes_per_start,83.3,526
playingtime,Eredivisie,2022-2023,games_complete,100.0,526
playingtime,Eredivisie,2022-2023,games_subs,100.0,526
playingtime,Eredivisie,2022-2023,minutes_per_sub,82.1,526
playingtime,Eredivisie,2022-2023,unused_subs,100.0,526
playingtime,Eredivisie,2022-2023,points_per_game,100.0,526
playingtime,Eredivisie,2022-2023,on_goals_for,100.0,526
playingtime,Eredivisie,2022-2023,on_goals_against,100.0,526
playingtime,Eredivisie,2022-2023,plus_minus,100.0,526
playingtime,Eredivisie,2022-2023,plus_minus_per90,100.0,526
playingtime,Eredivisie,2022-2023,plus_minus_wowy,99.6,526
playingtime,Eredivisie,2022-2023,player_id,100.0,526
playingtime,Eredivisie,2022-2023,team_id,100.0,526
playingtime,Eredivisie,2023-2024,ranker,100.0,524
playingtime,Eredivisie,2023-2024,player,100.0,524
playingtime,Eredivisie,2023-2024,nationality,99.6,524
playingtime,Eredivisie,2023-2024,position,100.0,524
playingtime,Eredivisie,2023-2024,team,100.0,524
playingtime,Eredivisie,2023-2024,age,99.8,524
playingtime,Eredivisie,2023-2024,birth_year,99.8,524
playingtime,Eredivisie,2023-2024,games,100.0,524
playingtime,Eredivisie,2023-2024,minutes,100.0,524
playingtime,Eredivisie,2023-2024,minutes_per_game,100.0,524
playingtime,Eredivisie,2023-2024,minutes_pct,100.0,524
playingtime,Eredivisie,2023-2024,minutes_90s,100.0,524
playingtime,Eredivisie,2023-2024,games_starts,100.0,524
playingtime,Eredivisie,2023-2024,minutes_per_start,85.5,524
playingtime,Eredivisie,2023-2024,games_complete,100.0,524
playingtime,Eredivisie,2023-2024,games_subs,100.0,524
playingtime,Eredivisie,2023-2024,minutes_per_sub,81.7,524
playingtime,Eredivisie,2023-2024,unused_subs,100.0,524
playingtime,Eredivisie,2023-2024,points_per_game,99.8,524
playingtime,Eredivisie,2023-2024,on_goals_for,100.0,524
playingtime,Eredivisie,2023-2024,on_goals_against,100.0,524
playingtime,Eredivisie,2023-2024,plus_minus,100.0,524
playingtime,Eredivisie,2023-2024,plus_minus_per90,100.0,524
playingtime,Eredivisie,2023-2024,plus_minus_wowy,98.9,524
playingtime,Eredivisie,2023-2024,player_id,100.0,524
playingtime,Eredivisie,2023-2024,team_id,100.0,524
playingtime,Eredivisie,2024-2025,ranker,100.0,534
playingtime,Eredivisie,2024-2025,player,100.0,534
playingtime,Eredivisie,2024-2025,nationality,98.9,534
playingtime,Eredivisie,2024-2025,position,99.8,534
playingtime,Eredivisie,2024-2025,team,100.0,534
playingtime,Eredivisie,2024-2025,age,98.7,534
playingtime,Eredivisie,2024-2025,birth_year,98.7,534
playingtime,Eredivisie,2024-2025,games,100.0,534
playingtime,Eredivisie,2024-2025,minutes,100.0,534
playingtime,Eredivisie,2024-2025,minutes_per_game,100.0,534
playingtime,Eredivisie,2024-2025,minutes_pct,100.0,534
playingtime,Eredivisie,2024-2025,minutes_90s,100.0,534
playingtime,Eredivisie,2024-2025,games_starts,100.0,534
playingtime,Eredivisie,2024-2025,minutes_per_start,85.6,534
playingtime,Eredivisie,2024-2025,games_complete,100.0,534
playingtime,Eredivisie,2024-2025,games_subs,100.0,534
playingtime,Eredivisie,2024-2025,minutes_per_sub,83.1,534
playingtime,Eredivisie,2024-2025,unused_subs,100.0,534
playingtime,Eredivisie,2024-2025,points_per_game,100.0,534
playingtime,Eredivisie,2024-2025,on_goals_for,100.0,534
playingtime,Eredivisie,2024-2025,on_goals_against,100.0,534
playingtime,Eredivisie,2024-2025,plus_minus,100.0,534
playingtime,Eredivisie,2024-2025,plus_minus_per90,100.0,534
playingtime,Eredivisie,2024-2025,plus_minus_wowy,99.1,534
playingtime,Eredivisie,2024-2025,player_id,100.0,534
playingtime,Eredivisie,2024-2025,team_id,100.0,534
playingtime,Eredivisie,2025-2026,ranker,100.0,550
playingtime,Eredivisie,2025-2026,player,100.0,550
playingtime,Eredivisie,2025-2026,nationality,97.6,550
playingtime,Eredivisie,2025-2026,position,99.6,550
playingtime,Eredivisie,2025-2026,team,100.0,550
playingtime,Eredivisie,2025-2026,age,97.8,550
playingtime,Eredivisie,2025-2026,birth_year,97.8,550
playingtime,Eredivisie,2025-2026,games,100.0,550
playingtime,Eredivisie,2025-2026,minutes,100.0,550
playingtime,Eredivisie,2025-2026,minutes_per_game,100.0,550
playingtime,Eredivisie,2025-2026,minutes_pct,100.0,550
playingtime,Eredivisie,2025-2026,minutes_90s,100.0,550
playingtime,Eredivisie,2025-2026,games_starts,100.0,550
playingtime,Eredivisie,2025-2026,minutes_per_start,82.2,550
playingtime,Eredivisie,2025-2026,games_complete,100.0,550
playingtime,Eredivisie,2025-2026,games_subs,100.0,550
playingtime,Eredivisie,2025-2026,minutes_per_sub,82.0,550
playingtime,Eredivisie,2025-2026,unused_subs,100.0,550
playingtime,Eredivisie,2025-2026,points_per_game,100.0,550
playingtime,Eredivisie,2025-2026,on_goals_for,100.0,550
playingtime,Eredivisie,2025-2026,on_goals_against,100.0,550
playingtime,Eredivisie,2025-2026,plus_minus,100.0,550
playingtime,Eredivisie,2025-2026,plus_minus_per90,100.0,550
playingtime,Eredivisie,2025-2026,plus_minus_wowy,99.5,550
playingtime,Eredivisie,2025-2026,player_id,100.0,550
playingtime,Eredivisie,2025-2026,team_id,100.0,550
playingtime,La Liga,2010-2011,ranker,100.0,555
playingtime,La Liga,2010-2011,player,100.0,555
playingtime,La Liga,2010-2011,nationality,100.0,555
playingtime,La Liga,2010-2011,position,100.0,555
playingtime,La Liga,2010-2011,team,100.0,555
playingtime,La Liga,2010-2011,age,100.0,555
playingtime,La Liga,2010-2011,birth_year,100.0,555
playingtime,La Liga,2010-2011,games,100.0,555
playingtime,La Liga,2010-2011,minutes,100.0,555
playingtime,La Liga,2010-2011,minutes_per_game,100.0,555
playingtime,La Liga,2010-2011,minutes_pct,100.0,555
playingtime,La Liga,2010-2011,minutes_90s,100.0,555
playingtime,La Liga,2010-2011,games_starts,100.0,555
playingtime,La Liga,2010-2011,minutes_per_start,0.0,555
playingtime,La Liga,2010-2011,games_complete,89.0,555
playingtime,La Liga,2010-2011,games_subs,100.0,555
playingtime,La Liga,2010-2011,minutes_per_sub,0.0,555
playingtime,La Liga,2010-2011,unused_subs,0.0,555
playingtime,La Liga,2010-2011,points_per_game,0.0,555
playingtime,La Liga,2010-2011,on_goals_for,0.0,555
playingtime,La Liga,2010-2011,on_goals_against,0.0,555
playingtime,La Liga,2010-2011,plus_minus,0.0,555
playingtime,La Liga,2010-2011,plus_minus_per90,0.0,555
playingtime,La Liga,2010-2011,plus_minus_wowy,0.0,555
playingtime,La Liga,2010-2011,player_id,100.0,555
playingtime,La Liga,2010-2011,team_id,100.0,555
playingtime,La Liga,2011-2012,ranker,100.0,551
playingtime,La Liga,2011-2012,player,100.0,551
playingtime,La Liga,2011-2012,nationality,100.0,551
playingtime,La Liga,2011-2012,position,100.0,551
playingtime,La Liga,2011-2012,team,100.0,551
playingtime,La Liga,2011-2012,age,100.0,551
playingtime,La Liga,2011-2012,birth_year,100.0,551
playingtime,La Liga,2011-2012,games,100.0,551
playingtime,La Liga,2011-2012,minutes,100.0,551
playingtime,La Liga,2011-2012,minutes_per_game,100.0,551
playingtime,La Liga,2011-2012,minutes_pct,100.0,551
playingtime,La Liga,2011-2012,minutes_90s,100.0,551
playingtime,La Liga,2011-2012,games_starts,100.0,551
playingtime,La Liga,2011-2012,minutes_per_start,0.0,551
playingtime,La Liga,2011-2012,games_complete,90.4,551
playingtime,La Liga,2011-2012,games_subs,100.0,551
playingtime,La Liga,2011-2012,minutes_per_sub,0.0,551
playingtime,La Liga,2011-2012,unused_subs,0.0,551
playingtime,La Liga,2011-2012,points_per_game,0.0,551
playingtime,La Liga,2011-2012,on_goals_for,0.0,551
playingtime,La Liga,2011-2012,on_goals_against,0.0,551
playingtime,La Liga,2011-2012,plus_minus,0.0,551
playingtime,La Liga,2011-2012,plus_minus_per90,0.0,551
playingtime,La Liga,2011-2012,plus_minus_wowy,0.0,551
playingtime,La Liga,2011-2012,player_id,100.0,551
playingtime,La Liga,2011-2012,team_id,100.0,551
playingtime,La Liga,2012-2013,ranker,100.0,551
playingtime,La Liga,2012-2013,player,100.0,551
playingtime,La Liga,2012-2013,nationality,100.0,551
playingtime,La Liga,2012-2013,position,100.0,551
playingtime,La Liga,2012-2013,team,100.0,551
playingtime,La Liga,2012-2013,age,100.0,551
playingtime,La Liga,2012-2013,birth_year,100.0,551
playingtime,La Liga,2012-2013,games,100.0,551
playingtime,La Liga,2012-2013,minutes,100.0,551
playingtime,La Liga,2012-2013,minutes_per_game,100.0,551
playingtime,La Liga,2012-2013,minutes_pct,100.0,551
playingtime,La Liga,2012-2013,minutes_90s,100.0,551
playingtime,La Liga,2012-2013,games_starts,100.0,551
playingtime,La Liga,2012-2013,minutes_per_start,0.0,551
playingtime,La Liga,2012-2013,games_complete,89.7,551
playingtime,La Liga,2012-2013,games_subs,100.0,551
playingtime,La Liga,2012-2013,minutes_per_sub,0.0,551
playingtime,La Liga,2012-2013,unused_subs,0.0,551
playingtime,La Liga,2012-2013,points_per_game,0.0,551
playingtime,La Liga,2012-2013,on_goals_for,0.0,551
playingtime,La Liga,2012-2013,on_goals_against,0.0,551
playingtime,La Liga,2012-2013,plus_minus,0.0,551
playingtime,La Liga,2012-2013,plus_minus_per90,0.0,551
playingtime,La Liga,2012-2013,plus_minus_wowy,0.0,551
playingtime,La Liga,2012-2013,player_id,100.0,551
playingtime,La Liga,2012-2013,team_id,100.0,551
playingtime,La Liga,2013-2014,ranker,100.0,542
playingtime,La Liga,2013-2014,player,100.0,542
playingtime,La Liga,2013-2014,nationality,100.0,542
playingtime,La Liga,2013-2014,position,99.8,542
playingtime,La Liga,2013-2014,team,100.0,542
playingtime,La Liga,2013-2014,age,100.0,542
playingtime,La Liga,2013-2014,birth_year,100.0,542
playingtime,La Liga,2013-2014,games,100.0,542
playingtime,La Liga,2013-2014,minutes,100.0,542
playingtime,La Liga,2013-2014,minutes_per_game,100.0,542
playingtime,La Liga,2013-2014,minutes_pct,100.0,542
playingtime,La Liga,2013-2014,minutes_90s,100.0,542
playingtime,La Liga,2013-2014,games_starts,100.0,542
playingtime,La Liga,2013-2014,minutes_per_start,0.0,542
playingtime,La Liga,2013-2014,games_complete,90.8,542
playingtime,La Liga,2013-2014,games_subs,100.0,542
playingtime,La Liga,2013-2014,minutes_per_sub,0.0,542
playingtime,La Liga,2013-2014,unused_subs,0.0,542
playingtime,La Liga,2013-2014,points_per_game,0.0,542
playingtime,La Liga,2013-2014,on_goals_for,0.0,542
playingtime,La Liga,2013-2014,on_goals_against,0.0,542
playingtime,La Liga,2013-2014,plus_minus,0.0,542
playingtime,La Liga,2013-2014,plus_minus_per90,0.0,542
playingtime,La Liga,2013-2014,plus_minus_wowy,0.0,542
playingtime,La Liga,2013-2014,player_id,100.0,542
playingtime,La Liga,2013-2014,team_id,100.0,542
playingtime,La Liga,2014-2015,ranker,100.0,527
playingtime,La Liga,2014-2015,player,100.0,527
playingtime,La Liga,2014-2015,nationality,100.0,527
playingtime,La Liga,2014-2015,position,100.0,527
playingtime,La Liga,2014-2015,team,100.0,527
playingtime,La Liga,2014-2015,age,100.0,527
playingtime,La Liga,2014-2015,birth_year,100.0,527
playingtime,La Liga,2014-2015,games,100.0,527
playingtime,La Liga,2014-2015,minutes,100.0,527
playingtime,La Liga,2014-2015,minutes_per_game,100.0,527
playingtime,La Liga,2014-2015,minutes_pct,100.0,527
playingtime,La Liga,2014-2015,minutes_90s,100.0,527
playingtime,La Liga,2014-2015,games_starts,100.0,527
playingtime,La Liga,2014-2015,minutes_per_start,0.0,527
playingtime,La Liga,2014-2015,games_complete,99.2,527
playingtime,La Liga,2014-2015,games_subs,100.0,527
playingtime,La Liga,2014-2015,minutes_per_sub,0.0,527
playingtime,La Liga,2014-2015,unused_subs,100.0,527
playingtime,La Liga,2014-2015,points_per_game,99.1,527
playingtime,La Liga,2014-2015,on_goals_for,99.1,527
playingtime,La Liga,2014-2015,on_goals_against,99.1,527
playingtime,La Liga,2014-2015,plus_minus,99.1,527
playingtime,La Liga,2014-2015,plus_minus_per90,99.1,527
playingtime,La Liga,2014-2015,plus_minus_wowy,98.9,527
playingtime,La Liga,2014-2015,player_id,100.0,527
playingtime,La Liga,2014-2015,team_id,100.0,527
playingtime,La Liga,2015-2016,ranker,100.0,546
playingtime,La Liga,2015-2016,player,100.0,546
playingtime,La Liga,2015-2016,nationality,100.0,546
playingtime,La Liga,2015-2016,position,100.0,546
playingtime,La Liga,2015-2016,team,100.0,546
playingtime,La Liga,2015-2016,age,100.0,546
playingtime,La Liga,2015-2016,birth_year,100.0,546
playingtime,La Liga,2015-2016,games,100.0,546
playingtime,La Liga,2015-2016,minutes,100.0,546
playingtime,La Liga,2015-2016,minutes_per_game,100.0,546
playingtime,La Liga,2015-2016,minutes_pct,100.0,546
playingtime,La Liga,2015-2016,minutes_90s,100.0,546
playingtime,La Liga,2015-2016,games_starts,100.0,546
playingtime,La Liga,2015-2016,minutes_per_start,93.8,546
playingtime,La Liga,2015-2016,games_complete,100.0,546
playingtime,La Liga,2015-2016,games_subs,100.0,546
playingtime,La Liga,2015-2016,minutes_per_sub,78.2,546
playingtime,La Liga,2015-2016,unused_subs,100.0,546
playingtime,La Liga,2015-2016,points_per_game,100.0,546
playingtime,La Liga,2015-2016,on_goals_for,100.0,546
playingtime,La Liga,2015-2016,on_goals_against,100.0,546
playingtime,La Liga,2015-2016,plus_minus,100.0,546
playingtime,La Liga,2015-2016,plus_minus_per90,100.0,546
playingtime,La Liga,2015-2016,plus_minus_wowy,99.6,546
playingtime,La Liga,2015-2016,player_id,100.0,546
playingtime,La Liga,2015-2016,team_id,100.0,546
playingtime,La Liga,2016-2017,ranker,100.0,555
playingtime,La Liga,2016-2017,player,100.0,555
playingtime,La Liga,2016-2017,nationality,100.0,555
playingtime,La Liga,2016-2017,position,100.0,555
playingtime,La Liga,2016-2017,team,100.0,555
playingtime,La Liga,2016-2017,age,100.0,555
playingtime,La Liga,2016-2017,birth_year,100.0,555
playingtime,La Liga,2016-2017,games,100.0,555
playingtime,La Liga,2016-2017,minutes,100.0,555
playingtime,La Liga,2016-2017,minutes_per_game,100.0,555
playingtime,La Liga,2016-2017,minutes_pct,100.0,555
playingtime,La Liga,2016-2017,minutes_90s,100.0,555
playingtime,La Liga,2016-2017,games_starts,100.0,555
playingtime,La Liga,2016-2017,minutes_per_start,93.5,555
playingtime,La Liga,2016-2017,games_complete,100.0,555
playingtime,La Liga,2016-2017,games_subs,100.0,555
playingtime,La Liga,2016-2017,minutes_per_sub,80.0,555
playingtime,La Liga,2016-2017,unused_subs,100.0,555
playingtime,La Liga,2016-2017,points_per_game,100.0,555
playingtime,La Liga,2016-2017,on_goals_for,100.0,555
playingtime,La Liga,2016-2017,on_goals_against,100.0,555
playingtime,La Liga,2016-2017,plus_minus,100.0,555
playingtime,La Liga,2016-2017,plus_minus_per90,100.0,555
playingtime,La Liga,2016-2017,plus_minus_wowy,99.6,555
playingtime,La Liga,2016-2017,player_id,100.0,555
playingtime,La Liga,2016-2017,team_id,100.0,555
playingtime,La Liga,2017-2018,ranker,100.0,573
playingtime,La Liga,2017-2018,player,100.0,573
playingtime,La Liga,2017-2018,nationality,100.0,573
playingtime,La Liga,2017-2018,position,100.0,573
playingtime,La Liga,2017-2018,team,100.0,573
playingtime,La Liga,2017-2018,age,100.0,573
playingtime,La Liga,2017-2018,birth_year,100.0,573
playingtime,La Liga,2017-2018,games,100.0,573
playingtime,La Liga,2017-2018,minutes,100.0,573
playingtime,La Liga,2017-2018,minutes_per_game,100.0,573
playingtime,La Liga,2017-2018,minutes_pct,100.0,573
playingtime,La Liga,2017-2018,minutes_90s,100.0,573
playingtime,La Liga,2017-2018,games_starts,100.0,573
playingtime,La Liga,2017-2018,minutes_per_start,92.7,573
playingtime,La Liga,2017-2018,games_complete,100.0,573
playingtime,La Liga,2017-2018,games_subs,100.0,573
playingtime,La Liga,2017-2018,minutes_per_sub,79.4,573
playingtime,La Liga,2017-2018,unused_subs,100.0,573
playingtime,La Liga,2017-2018,points_per_game,100.0,573
playingtime,La Liga,2017-2018,on_goals_for,100.0,573
playingtime,La Liga,2017-2018,on_goals_against,100.0,573
playingtime,La Liga,2017-2018,plus_minus,100.0,573
playingtime,La Liga,2017-2018,plus_minus_per90,100.0,573
playingtime,La Liga,2017-2018,plus_minus_wowy,100.0,573
playingtime,La Liga,2017-2018,player_id,100.0,573
playingtime,La Liga,2017-2018,team_id,100.0,573
playingtime,La Liga,2018-2019,ranker,100.0,544
playingtime,La Liga,2018-2019,player,100.0,544
playingtime,La Liga,2018-2019,nationality,99.8,544
playingtime,La Liga,2018-2019,position,100.0,544
playingtime,La Liga,2018-2019,team,100.0,544
playingtime,La Liga,2018-2019,age,100.0,544
playingtime,La Liga,2018-2019,birth_year,100.0,544
playingtime,La Liga,2018-2019,games,100.0,544
playingtime,La Liga,2018-2019,minutes,100.0,544
playingtime,La Liga,2018-2019,minutes_per_game,100.0,544
playingtime,La Liga,2018-2019,minutes_pct,100.0,544
playingtime,La Liga,2018-2019,minutes_90s,100.0,544
playingtime,La Liga,2018-2019,games_starts,100.0,544
playingtime,La Liga,2018-2019,minutes_per_start,92.8,544
playingtime,La Liga,2018-2019,games_complete,100.0,544
playingtime,La Liga,2018-2019,games_subs,100.0,544
playingtime,La Liga,2018-2019,minutes_per_sub,79.2,544
playingtime,La Liga,2018-2019,unused_subs,100.0,544
playingtime,La Liga,2018-2019,points_per_game,100.0,544
playingtime,La Liga,2018-2019,on_goals_for,100.0,544
playingtime,La Liga,2018-2019,on_goals_against,100.0,544
playingtime,La Liga,2018-2019,plus_minus,100.0,544
playingtime,La Liga,2018-2019,plus_minus_per90,100.0,544
playingtime,La Liga,2018-2019,plus_minus_wowy,99.8,544
playingtime,La Liga,2018-2019,player_id,100.0,544
playingtime,La Liga,2018-2019,team_id,100.0,544
playingtime,La Liga,2019-2020,ranker,100.0,570
playingtime,La Liga,2019-2020,player,100.0,570
playingtime,La Liga,2019-2020,nationality,100.0,570
playingtime,La Liga,2019-2020,position,100.0,570
playingtime,La Liga,2019-2020,team,100.0,570
playingtime,La Liga,2019-2020,age,100.0,570
playingtime,La Liga,2019-2020,birth_year,100.0,570
playingtime,La Liga,2019-2020,games,100.0,570
playingtime,La Liga,2019-2020,minutes,100.0,570
playingtime,La Liga,2019-2020,minutes_per_game,100.0,570
playingtime,La Liga,2019-2020,minutes_pct,100.0,570
playingtime,La Liga,2019-2020,minutes_90s,100.0,570
playingtime,La Liga,2019-2020,games_starts,100.0,570
playingtime,La Liga,2019-2020,minutes_per_start,90.7,570
playingtime,La Liga,2019-2020,games_complete,100.0,570
playingtime,La Liga,2019-2020,games_subs,100.0,570
playingtime,La Liga,2019-2020,minutes_per_sub,84.9,570
playingtime,La Liga,2019-2020,unused_subs,100.0,570
playingtime,La Liga,2019-2020,points_per_game,100.0,570
playingtime,La Liga,2019-2020,on_goals_for,100.0,570
playingtime,La Liga,2019-2020,on_goals_against,100.0,570
playingtime,La Liga,2019-2020,plus_minus,100.0,570
playingtime,La Liga,2019-2020,plus_minus_per90,100.0,570
playingtime,La Liga,2019-2020,plus_minus_wowy,99.8,570
playingtime,La Liga,2019-2020,player_id,100.0,570
playingtime,La Liga,2019-2020,team_id,100.0,570
playingtime,La Liga,2020-2021,ranker,100.0,582
playingtime,La Liga,2020-2021,player,100.0,582
playingtime,La Liga,2020-2021,nationality,100.0,582
playingtime,La Liga,2020-2021,position,100.0,582
playingtime,La Liga,2020-2021,team,100.0,582
playingtime,La Liga,2020-2021,age,100.0,582
playingtime,La Liga,2020-2021,birth_year,100.0,582
playingtime,La Liga,2020-2021,games,100.0,582
playingtime,La Liga,2020-2021,minutes,100.0,582
playingtime,La Liga,2020-2021,minutes_per_game,100.0,582
playingtime,La Liga,2020-2021,minutes_pct,100.0,582
playingtime,La Liga,2020-2021,minutes_90s,100.0,582
playingtime,La Liga,2020-2021,games_starts,100.0,582
playingtime,La Liga,2020-2021,minutes_per_start,89.5,582
playingtime,La Liga,2020-2021,games_complete,100.0,582
playingtime,La Liga,2020-2021,games_subs,100.0,582
playingtime,La Liga,2020-2021,minutes_per_sub,85.7,582
playingtime,La Liga,2020-2021,unused_subs,100.0,582
playingtime,La Liga,2020-2021,points_per_game,100.0,582
playingtime,La Liga,2020-2021,on_goals_for,100.0,582
playingtime,La Liga,2020-2021,on_goals_against,100.0,582
playingtime,La Liga,2020-2021,plus_minus,100.0,582
playingtime,La Liga,2020-2021,plus_minus_per90,100.0,582
playingtime,La Liga,2020-2021,plus_minus_wowy,99.5,582
playingtime,La Liga,2020-2021,player_id,100.0,582
playingtime,La Liga,2020-2021,team_id,100.0,582
playingtime,La Liga,2021-2022,ranker,100.0,617
playingtime,La Liga,2021-2022,player,100.0,617
playingtime,La Liga,2021-2022,nationality,100.0,617
playingtime,La Liga,2021-2022,position,100.0,617
playingtime,La Liga,2021-2022,team,100.0,617
playingtime,La Liga,2021-2022,age,100.0,617
playingtime,La Liga,2021-2022,birth_year,100.0,617
playingtime,La Liga,2021-2022,games,100.0,617
playingtime,La Liga,2021-2022,minutes,100.0,617
playingtime,La Liga,2021-2022,minutes_per_game,100.0,617
playingtime,La Liga,2021-2022,minutes_pct,100.0,617
playingtime,La Liga,2021-2022,minutes_90s,100.0,617
playingtime,La Liga,2021-2022,games_starts,100.0,617
playingtime,La Liga,2021-2022,minutes_per_start,89.0,617
playingtime,La Liga,2021-2022,games_complete,100.0,617
playingtime,La Liga,2021-2022,games_subs,100.0,617
playingtime,La Liga,2021-2022,minutes_per_sub,86.2,617
playingtime,La Liga,2021-2022,unused_subs,100.0,617
playingtime,La Liga,2021-2022,points_per_game,100.0,617
playingtime,La Liga,2021-2022,on_goals_for,100.0,617
playingtime,La Liga,2021-2022,on_goals_against,100.0,617
playingtime,La Liga,2021-2022,plus_minus,100.0,617
playingtime,La Liga,2021-2022,plus_minus_per90,100.0,617
playingtime,La Liga,2021-2022,plus_minus_wowy,99.5,617
playingtime,La Liga,2021-2022,player_id,100.0,617
playingtime,La Liga,2021-2022,team_id,100.0,617
playingtime,La Liga,2022-2023,ranker,100.0,596
playingtime,La Liga,2022-2023,player,100.0,596
playingtime,La Liga,2022-2023,nationality,100.0,596
playingtime,La Liga,2022-2023,position,100.0,596
playingtime,La Liga,2022-2023,team,100.0,596
playingtime,La Liga,2022-2023,age,100.0,596
playingtime,La Liga,2022-2023,birth_year,100.0,596
playingtime,La Liga,2022-2023,games,100.0,596
playingtime,La Liga,2022-2023,minutes,100.0,596
playingtime,La Liga,2022-2023,minutes_per_game,100.0,596
playingtime,La Liga,2022-2023,minutes_pct,100.0,596
playingtime,La Liga,2022-2023,minutes_90s,100.0,596
playingtime,La Liga,2022-2023,games_starts,100.0,596
playingtime,La Liga,2022-2023,minutes_per_start,86.6,596
playingtime,La Liga,2022-2023,games_complete,100.0,596
playingtime,La Liga,2022-2023,games_subs,100.0,596
playingtime,La Liga,2022-2023,minutes_per_sub,87.4,596
playingtime,La Liga,2022-2023,unused_subs,100.0,596
playingtime,La Liga,2022-2023,points_per_game,99.7,596
playingtime,La Liga,2022-2023,on_goals_for,100.0,596
playingtime,La Liga,2022-2023,on_goals_against,100.0,596
playingtime,La Liga,2022-2023,plus_minus,100.0,596
playingtime,La Liga,2022-2023,plus_minus_per90,100.0,596
playingtime,La Liga,2022-2023,plus_minus_wowy,99.5,596
playingtime,La Liga,2022-2023,player_id,100.0,596
playingtime,La Liga,2022-2023,team_id,100.0,596
playingtime,La Liga,2023-2024,ranker,100.0,609
playingtime,La Liga,2023-2024,player,100.0,609
playingtime,La Liga,2023-2024,nationality,100.0,609
playingtime,La Liga,2023-2024,position,100.0,609
playingtime,La Liga,2023-2024,team,100.0,609
playingtime,La Liga,2023-2024,age,100.0,609
playingtime,La Liga,2023-2024,birth_year,100.0,609
playingtime,La Liga,2023-2024,games,100.0,609
playingtime,La Liga,2023-2024,minutes,100.0,609
playingtime,La Liga,2023-2024,minutes_per_game,100.0,609
playingtime,La Liga,2023-2024,minutes_pct,100.0,609
playingtime,La Liga,2023-2024,minutes_90s,100.0,609
playingtime,La Liga,2023-2024,games_starts,100.0,609
playingtime,La Liga,2023-2024,minutes_per_start,86.5,609
playingtime,La Liga,2023-2024,games_complete,100.0,609
playingtime,La Liga,2023-2024,games_subs,100.0,609
playingtime,La Liga,2023-2024,minutes_per_sub,88.5,609
playingtime,La Liga,2023-2024,unused_subs,100.0,609
playingtime,La Liga,2023-2024,points_per_game,99.7,609
playingtime,La Liga,2023-2024,on_goals_for,100.0,609
playingtime,La Liga,2023-2024,on_goals_against,100.0,609
playingtime,La Liga,2023-2024,plus_minus,100.0,609
playingtime,La Liga,2023-2024,plus_minus_per90,100.0,609
playingtime,La Liga,2023-2024,plus_minus_wowy,99.7,609
playingtime,La Liga,2023-2024,player_id,100.0,609
playingtime,La Liga,2023-2024,team_id,100.0,609
playingtime,La Liga,2024-2025,ranker,100.0,601
playingtime,La Liga,2024-2025,player,100.0,601
playingtime,La Liga,2024-2025,nationality,100.0,601
playingtime,La Liga,2024-2025,position,100.0,601
playingtime,La Liga,2024-2025,team,100.0,601
playingtime,La Liga,2024-2025,age,100.0,601
playingtime,La Liga,2024-2025,birth_year,100.0,601
playingtime,La Liga,2024-2025,games,100.0,601
playingtime,La Liga,2024-2025,minutes,100.0,601
playingtime,La Liga,2024-2025,minutes_per_game,100.0,601
playingtime,La Liga,2024-2025,minutes_pct,100.0,601
playingtime,La Liga,2024-2025,minutes_90s,100.0,601
playingtime,La Liga,2024-2025,games_starts,100.0,601
playingtime,La Liga,2024-2025,minutes_per_start,89.9,601
playingtime,La Liga,2024-2025,games_complete,100.0,601
playingtime,La Liga,2024-2025,games_subs,100.0,601
playingtime,La Liga,2024-2025,minutes_per_sub,86.4,601
playingtime,La Liga,2024-2025,unused_subs,100.0,601
playingtime,La Liga,2024-2025,points_per_game,100.0,601
playingtime,La Liga,2024-2025,on_goals_for,100.0,601
playingtime,La Liga,2024-2025,on_goals_against,100.0,601
playingtime,La Liga,2024-2025,plus_minus,100.0,601
playingtime,La Liga,2024-2025,plus_minus_per90,100.0,601
playingtime,La Liga,2024-2025,plus_minus_wowy,99.7,601
playingtime,La Liga,2024-2025,player_id,100.0,601
playingtime,La Liga,2024-2025,team_id,100.0,601
playingtime,La Liga,2025-2026,ranker,100.0,611
playingtime,La Liga,2025-2026,player,100.0,611
playingtime,La Liga,2025-2026,nationality,99.8,611
playingtime,La Liga,2025-2026,position,100.0,611
playingtime,La Liga,2025-2026,team,100.0,611
playingtime,La Liga,2025-2026,age,99.8,611
playingtime,La Liga,2025-2026,birth_year,99.8,611
playingtime,La Liga,2025-2026,games,100.0,611
playingtime,La Liga,2025-2026,minutes,100.0,611
playingtime,La Liga,2025-2026,minutes_per_game,100.0,611
playingtime,La Liga,2025-2026,minutes_pct,100.0,611
playingtime,La Liga,2025-2026,minutes_90s,100.0,611
playingtime,La Liga,2025-2026,games_starts,100.0,611
playingtime,La Liga,2025-2026,minutes_per_start,88.1,611
playingtime,La Liga,2025-2026,games_complete,100.0,611
playingtime,La Liga,2025-2026,games_subs,100.0,611
playingtime,La Liga,2025-2026,minutes_per_sub,86.9,611
playingtime,La Liga,2025-2026,unused_subs,100.0,611
playingtime,La Liga,2025-2026,points_per_game,100.0,611
playingtime,La Liga,2025-2026,on_goals_for,100.0,611
playingtime,La Liga,2025-2026,on_goals_against,100.0,611
playingtime,La Liga,2025-2026,plus_minus,100.0,611
playingtime,La Liga,2025-2026,plus_minus_per90,100.0,611
playingtime,La Liga,2025-2026,plus_minus_wowy,99.5,611
playingtime,La Liga,2025-2026,player_id,100.0,611
playingtime,La Liga,2025-2026,team_id,100.0,611
playingtime,Liga MX,2010-2011,ranker,100.0,523
playingtime,Liga MX,2010-2011,player,100.0,523
playingtime,Liga MX,2010-2011,nationality,97.9,523
playingtime,Liga MX,2010-2011,position,97.9,523
playingtime,Liga MX,2010-2011,team,100.0,523
playingtime,Liga MX,2010-2011,age,97.9,523
playingtime,Liga MX,2010-2011,birth_year,97.9,523
playingtime,Liga MX,2010-2011,games,100.0,523
playingtime,Liga MX,2010-2011,minutes,100.0,523
playingtime,Liga MX,2010-2011,minutes_per_game,100.0,523
playingtime,Liga MX,2010-2011,minutes_pct,100.0,523
playingtime,Liga MX,2010-2011,minutes_90s,100.0,523
playingtime,Liga MX,2010-2011,games_starts,100.0,523
playingtime,Liga MX,2010-2011,minutes_per_start,0.0,523
playingtime,Liga MX,2010-2011,games_complete,0.0,523
playingtime,Liga MX,2010-2011,games_subs,100.0,523
playingtime,Liga MX,2010-2011,minutes_per_sub,0.0,523
playingtime,Liga MX,2010-2011,unused_subs,0.0,523
playingtime,Liga MX,2010-2011,points_per_game,0.0,523
playingtime,Liga MX,2010-2011,on_goals_for,0.0,523
playingtime,Liga MX,2010-2011,on_goals_against,0.0,523
playingtime,Liga MX,2010-2011,plus_minus,0.0,523
playingtime,Liga MX,2010-2011,plus_minus_per90,0.0,523
playingtime,Liga MX,2010-2011,plus_minus_wowy,0.0,523
playingtime,Liga MX,2010-2011,player_id,100.0,523
playingtime,Liga MX,2010-2011,team_id,100.0,523
playingtime,Liga MX,2011-2012,ranker,100.0,523
playingtime,Liga MX,2011-2012,player,100.0,523
playingtime,Liga MX,2011-2012,nationality,98.7,523
playingtime,Liga MX,2011-2012,position,98.9,523
playingtime,Liga MX,2011-2012,team,100.0,523
playingtime,Liga MX,2011-2012,age,98.3,523
playingtime,Liga MX,2011-2012,birth_year,98.3,523
playingtime,Liga MX,2011-2012,games,100.0,523
playingtime,Liga MX,2011-2012,minutes,100.0,523
playingtime,Liga MX,2011-2012,minutes_per_game,100.0,523
playingtime,Liga MX,2011-2012,minutes_pct,100.0,523
playingtime,Liga MX,2011-2012,minutes_90s,100.0,523
playingtime,Liga MX,2011-2012,games_starts,100.0,523
playingtime,Liga MX,2011-2012,minutes_per_start,0.0,523
playingtime,Liga MX,2011-2012,games_complete,0.0,523
playingtime,Liga MX,2011-2012,games_subs,100.0,523
playingtime,Liga MX,2011-2012,minutes_per_sub,0.0,523
playingtime,Liga MX,2011-2012,unused_subs,0.0,523
playingtime,Liga MX,2011-2012,points_per_game,0.0,523
playingtime,Liga MX,2011-2012,on_goals_for,0.0,523
playingtime,Liga MX,2011-2012,on_goals_against,0.0,523
playingtime,Liga MX,2011-2012,plus_minus,0.0,523
playingtime,Liga MX,2011-2012,plus_minus_per90,0.0,523
playingtime,Liga MX,2011-2012,plus_minus_wowy,0.0,523
playingtime,Liga MX,2011-2012,player_id,100.0,523
playingtime,Liga MX,2011-2012,team_id,100.0,523
playingtime,Liga MX,2012-2013,ranker,100.0,560
playingtime,Liga MX,2012-2013,player,100.0,560
playingtime,Liga MX,2012-2013,nationality,98.9,560
playingtime,Liga MX,2012-2013,position,98.9,560
playingtime,Liga MX,2012-2013,team,100.0,560
playingtime,Liga MX,2012-2013,age,98.6,560
playingtime,Liga MX,2012-2013,birth_year,98.6,560
playingtime,Liga MX,2012-2013,games,100.0,560
playingtime,Liga MX,2012-2013,minutes,100.0,560
playingtime,Liga MX,2012-2013,minutes_per_game,100.0,560
playingtime,Liga MX,2012-2013,minutes_pct,100.0,560
playingtime,Liga MX,2012-2013,minutes_90s,100.0,560
playingtime,Liga MX,2012-2013,games_starts,100.0,560
playingtime,Liga MX,2012-2013,minutes_per_start,0.0,560
playingtime,Liga MX,2012-2013,games_complete,0.0,560
playingtime,Liga MX,2012-2013,games_subs,100.0,560
playingtime,Liga MX,2012-2013,minutes_per_sub,0.0,560
playingtime,Liga MX,2012-2013,unused_subs,0.0,560
playingtime,Liga MX,2012-2013,points_per_game,0.0,560
playingtime,Liga MX,2012-2013,on_goals_for,0.0,560
playingtime,Liga MX,2012-2013,on_goals_against,0.0,560
playingtime,Liga MX,2012-2013,plus_minus,0.0,560
playingtime,Liga MX,2012-2013,plus_minus_per90,0.0,560
playingtime,Liga MX,2012-2013,plus_minus_wowy,0.0,560
playingtime,Liga MX,2012-2013,player_id,100.0,560
playingtime,Liga MX,2012-2013,team_id,100.0,560
playingtime,Liga MX,2013-2014,ranker,100.0,567
playingtime,Liga MX,2013-2014,player,100.0,567
playingtime,Liga MX,2013-2014,nationality,99.6,567
playingtime,Liga MX,2013-2014,position,99.6,567
playingtime,Liga MX,2013-2014,team,100.0,567
playingtime,Liga MX,2013-2014,age,98.2,567
playingtime,Liga MX,2013-2014,birth_year,98.2,567
playingtime,Liga MX,2013-2014,games,100.0,567
playingtime,Liga MX,2013-2014,minutes,100.0,567
playingtime,Liga MX,2013-2014,minutes_per_game,100.0,567
playingtime,Liga MX,2013-2014,minutes_pct,100.0,567
playingtime,Liga MX,2013-2014,minutes_90s,100.0,567
playingtime,Liga MX,2013-2014,games_starts,100.0,567
playingtime,Liga MX,2013-2014,minutes_per_start,0.0,567
playingtime,Liga MX,2013-2014,games_complete,0.0,567
playingtime,Liga MX,2013-2014,games_subs,100.0,567
playingtime,Liga MX,2013-2014,minutes_per_sub,0.0,567
playingtime,Liga MX,2013-2014,unused_subs,0.0,567
playingtime,Liga MX,2013-2014,points_per_game,0.0,567
playingtime,Liga MX,2013-2014,on_goals_for,0.0,567
playingtime,Liga MX,2013-2014,on_goals_against,0.0,567
playingtime,Liga MX,2013-2014,plus_minus,0.0,567
playingtime,Liga MX,2013-2014,plus_minus_per90,0.0,567
playingtime,Liga MX,2013-2014,plus_minus_wowy,0.0,567
playingtime,Liga MX,2013-2014,player_id,100.0,567
playingtime,Liga MX,2013-2014,team_id,100.0,567
playingtime,Liga MX,2014-2015,ranker,100.0,547
playingtime,Liga MX,2014-2015,player,100.0,547
playingtime,Liga MX,2014-2015,nationality,99.6,547
playingtime,Liga MX,2014-2015,position,99.6,547
playingtime,Liga MX,2014-2015,team,100.0,547
playingtime,Liga MX,2014-2015,age,98.9,547
playingtime,Liga MX,2014-2015,birth_year,98.9,547
playingtime,Liga MX,2014-2015,games,100.0,547
playingtime,Liga MX,2014-2015,minutes,100.0,547
playingtime,Liga MX,2014-2015,minutes_per_game,100.0,547
playingtime,Liga MX,2014-2015,minutes_pct,100.0,547
playingtime,Liga MX,2014-2015,minutes_90s,100.0,547
playingtime,Liga MX,2014-2015,games_starts,100.0,547
playingtime,Liga MX,2014-2015,minutes_per_start,0.0,547
playingtime,Liga MX,2014-2015,games_complete,96.9,547
playingtime,Liga MX,2014-2015,games_subs,100.0,547
playingtime,Liga MX,2014-2015,minutes_per_sub,0.0,547
playingtime,Liga MX,2014-2015,unused_subs,100.0,547
playingtime,Liga MX,2014-2015,points_per_game,96.9,547
playingtime,Liga MX,2014-2015,on_goals_for,96.9,547
playingtime,Liga MX,2014-2015,on_goals_against,96.9,547
playingtime,Liga MX,2014-2015,plus_minus,96.9,547
playingtime,Liga MX,2014-2015,plus_minus_per90,96.9,547
playingtime,Liga MX,2014-2015,plus_minus_wowy,95.8,547
playingtime,Liga MX,2014-2015,player_id,100.0,547
playingtime,Liga MX,2014-2015,team_id,100.0,547
playingtime,Liga MX,2015-2016,ranker,100.0,563
playingtime,Liga MX,2015-2016,player,100.0,563
playingtime,Liga MX,2015-2016,nationality,99.8,563
playingtime,Liga MX,2015-2016,position,99.8,563
playingtime,Liga MX,2015-2016,team,100.0,563
playingtime,Liga MX,2015-2016,age,99.1,563
playingtime,Liga MX,2015-2016,birth_year,99.1,563
playingtime,Liga MX,2015-2016,games,100.0,563
playingtime,Liga MX,2015-2016,minutes,100.0,563
playingtime,Liga MX,2015-2016,minutes_per_game,100.0,563
playingtime,Liga MX,2015-2016,minutes_pct,100.0,563
playingtime,Liga MX,2015-2016,minutes_90s,100.0,563
playingtime,Liga MX,2015-2016,games_starts,100.0,563
playingtime,Liga MX,2015-2016,minutes_per_start,0.0,563
playingtime,Liga MX,2015-2016,games_complete,97.9,563
playingtime,Liga MX,2015-2016,games_subs,100.0,563
playingtime,Liga MX,2015-2016,minutes_per_sub,0.0,563
playingtime,Liga MX,2015-2016,unused_subs,100.0,563
playingtime,Liga MX,2015-2016,points_per_game,97.9,563
playingtime,Liga MX,2015-2016,on_goals_for,97.9,563
playingtime,Liga MX,2015-2016,on_goals_against,97.9,563
playingtime,Liga MX,2015-2016,plus_minus,97.9,563
playingtime,Liga MX,2015-2016,plus_minus_per90,97.9,563
playingtime,Liga MX,2015-2016,plus_minus_wowy,97.7,563
playingtime,Liga MX,2015-2016,player_id,100.0,563
playingtime,Liga MX,2015-2016,team_id,100.0,563
playingtime,Liga MX,2016-2017,ranker,100.0,561
playingtime,Liga MX,2016-2017,player,100.0,561
playingtime,Liga MX,2016-2017,nationality,99.8,561
playingtime,Liga MX,2016-2017,position,99.8,561
playingtime,Liga MX,2016-2017,team,100.0,561
playingtime,Liga MX,2016-2017,age,99.5,561
playingtime,Liga MX,2016-2017,birth_year,99.5,561
playingtime,Liga MX,2016-2017,games,100.0,561
playingtime,Liga MX,2016-2017,minutes,100.0,561
playingtime,Liga MX,2016-2017,minutes_per_game,100.0,561
playingtime,Liga MX,2016-2017,minutes_pct,100.0,561
playingtime,Liga MX,2016-2017,minutes_90s,100.0,561
playingtime,Liga MX,2016-2017,games_starts,100.0,561
playingtime,Liga MX,2016-2017,minutes_per_start,0.0,561
playingtime,Liga MX,2016-2017,games_complete,98.2,561
playingtime,Liga MX,2016-2017,games_subs,100.0,561
playingtime,Liga MX,2016-2017,minutes_per_sub,0.0,561
playingtime,Liga MX,2016-2017,unused_subs,100.0,561
playingtime,Liga MX,2016-2017,points_per_game,98.2,561
playingtime,Liga MX,2016-2017,on_goals_for,98.2,561
playingtime,Liga MX,2016-2017,on_goals_against,98.2,561
playingtime,Liga MX,2016-2017,plus_minus,98.2,561
playingtime,Liga MX,2016-2017,plus_minus_per90,98.2,561
playingtime,Liga MX,2016-2017,plus_minus_wowy,97.9,561
playingtime,Liga MX,2016-2017,player_id,100.0,561
playingtime,Liga MX,2016-2017,team_id,100.0,561
playingtime,Liga MX,2017-2018,ranker,100.0,546
playingtime,Liga MX,2017-2018,player,100.0,546
playingtime,Liga MX,2017-2018,nationality,99.5,546
playingtime,Liga MX,2017-2018,position,99.5,546
playingtime,Liga MX,2017-2018,team,100.0,546
playingtime,Liga MX,2017-2018,age,99.5,546
playingtime,Liga MX,2017-2018,birth_year,99.5,546
playingtime,Liga MX,2017-2018,games,100.0,546
playingtime,Liga MX,2017-2018,minutes,100.0,546
playingtime,Liga MX,2017-2018,minutes_per_game,100.0,546
playingtime,Liga MX,2017-2018,minutes_pct,100.0,546
playingtime,Liga MX,2017-2018,minutes_90s,100.0,546
playingtime,Liga MX,2017-2018,games_starts,100.0,546
playingtime,Liga MX,2017-2018,minutes_per_start,0.0,546
playingtime,Liga MX,2017-2018,games_complete,98.9,546
playingtime,Liga MX,2017-2018,games_subs,100.0,546
playingtime,Liga MX,2017-2018,minutes_per_sub,0.0,546
playingtime,Liga MX,2017-2018,unused_subs,100.0,546
playingtime,Liga MX,2017-2018,points_per_game,98.9,546
playingtime,Liga MX,2017-2018,on_goals_for,98.9,546
playingtime,Liga MX,2017-2018,on_goals_against,98.9,546
playingtime,Liga MX,2017-2018,plus_minus,98.9,546
playingtime,Liga MX,2017-2018,plus_minus_per90,98.9,546
playingtime,Liga MX,2017-2018,plus_minus_wowy,97.3,546
playingtime,Liga MX,2017-2018,player_id,100.0,546
playingtime,Liga MX,2017-2018,team_id,100.0,546
playingtime,Liga MX,2018-2019,ranker,100.0,573
playingtime,Liga MX,2018-2019,player,100.0,573
playingtime,Liga MX,2018-2019,nationality,100.0,573
playingtime,Liga MX,2018-2019,position,100.0,573
playingtime,Liga MX,2018-2019,team,100.0,573
playingtime,Liga MX,2018-2019,age,100.0,573
playingtime,Liga MX,2018-2019,birth_year,100.0,573
playingtime,Liga MX,2018-2019,games,100.0,573
playingtime,Liga MX,2018-2019,minutes,100.0,573
playingtime,Liga MX,2018-2019,minutes_per_game,100.0,573
playingtime,Liga MX,2018-2019,minutes_pct,100.0,573
playingtime,Liga MX,2018-2019,minutes_90s,100.0,573
playingtime,Liga MX,2018-2019,games_starts,100.0,573
playingtime,Liga MX,2018-2019,minutes_per_start,87.4,573
playingtime,Liga MX,2018-2019,games_complete,100.0,573
playingtime,Liga MX,2018-2019,games_subs,100.0,573
playingtime,Liga MX,2018-2019,minutes_per_sub,74.3,573
playingtime,Liga MX,2018-2019,unused_subs,100.0,573
playingtime,Liga MX,2018-2019,points_per_game,99.5,573
playingtime,Liga MX,2018-2019,on_goals_for,100.0,573
playingtime,Liga MX,2018-2019,on_goals_against,100.0,573
playingtime,Liga MX,2018-2019,plus_minus,100.0,573
playingtime,Liga MX,2018-2019,plus_minus_per90,100.0,573
playingtime,Liga MX,2018-2019,plus_minus_wowy,98.8,573
playingtime,Liga MX,2018-2019,player_id,100.0,573
playingtime,Liga MX,2018-2019,team_id,100.0,573
playingtime,Liga MX,2019-2020,ranker,100.0,572
playingtime,Liga MX,2019-2020,player,100.0,572
playingtime,Liga MX,2019-2020,nationality,100.0,572
playingtime,Liga MX,2019-2020,position,100.0,572
playingtime,Liga MX,2019-2020,team,100.0,572
playingtime,Liga MX,2019-2020,age,100.0,572
playingtime,Liga MX,2019-2020,birth_year,100.0,572
playingtime,Liga MX,2019-2020,games,100.0,572
playingtime,Liga MX,2019-2020,minutes,100.0,572
playingtime,Liga MX,2019-2020,minutes_per_game,100.0,572
playingtime,Liga MX,2019-2020,minutes_pct,100.0,572
playingtime,Liga MX,2019-2020,minutes_90s,100.0,572
playingtime,Liga MX,2019-2020,games_starts,100.0,572
playingtime,Liga MX,2019-2020,minutes_per_start,88.3,572
playingtime,Liga MX,2019-2020,games_complete,100.0,572
playingtime,Liga MX,2019-2020,games_subs,100.0,572
playingtime,Liga MX,2019-2020,minutes_per_sub,71.9,572
playingtime,Liga MX,2019-2020,unused_subs,100.0,572
playingtime,Liga MX,2019-2020,points_per_game,99.8,572
playingtime,Liga MX,2019-2020,on_goals_for,100.0,572
playingtime,Liga MX,2019-2020,on_goals_against,100.0,572
playingtime,Liga MX,2019-2020,plus_minus,100.0,572
playingtime,Liga MX,2019-2020,plus_minus_per90,100.0,572
playingtime,Liga MX,2019-2020,plus_minus_wowy,98.1,572
playingtime,Liga MX,2019-2020,player_id,100.0,572
playingtime,Liga MX,2019-2020,team_id,100.0,572
playingtime,Liga MX,2020-2021,ranker,100.0,588
playingtime,Liga MX,2020-2021,player,100.0,588
playingtime,Liga MX,2020-2021,nationality,100.0,588
playingtime,Liga MX,2020-2021,position,100.0,588
playingtime,Liga MX,2020-2021,team,100.0,588
playingtime,Liga MX,2020-2021,age,100.0,588
playingtime,Liga MX,2020-2021,birth_year,100.0,588
playingtime,Liga MX,2020-2021,games,100.0,588
playingtime,Liga MX,2020-2021,minutes,100.0,588
playingtime,Liga MX,2020-2021,minutes_per_game,100.0,588
playingtime,Liga MX,2020-2021,minutes_pct,100.0,588
playingtime,Liga MX,2020-2021,minutes_90s,100.0,588
playingtime,Liga MX,2020-2021,games_starts,100.0,588
playingtime,Liga MX,2020-2021,minutes_per_start,89.3,588
playingtime,Liga MX,2020-2021,games_complete,100.0,588
playingtime,Liga MX,2020-2021,games_subs,100.0,588
playingtime,Liga MX,2020-2021,minutes_per_sub,81.6,588
playingtime,Liga MX,2020-2021,unused_subs,100.0,588
playingtime,Liga MX,2020-2021,points_per_game,100.0,588
playingtime,Liga MX,2020-2021,on_goals_for,100.0,588
playingtime,Liga MX,2020-2021,on_goals_against,100.0,588
playingtime,Liga MX,2020-2021,plus_minus,100.0,588
playingtime,Liga MX,2020-2021,plus_minus_per90,100.0,588
playingtime,Liga MX,2020-2021,plus_minus_wowy,99.8,588
playingtime,Liga MX,2020-2021,player_id,100.0,588
playingtime,Liga MX,2020-2021,team_id,100.0,588
playingtime,Liga MX,2021-2022,ranker,100.0,601
playingtime,Liga MX,2021-2022,player,100.0,601
playingtime,Liga MX,2021-2022,nationality,100.0,601
playingtime,Liga MX,2021-2022,position,100.0,601
playingtime,Liga MX,2021-2022,team,100.0,601
playingtime,Liga MX,2021-2022,age,100.0,601
playingtime,Liga MX,2021-2022,birth_year,100.0,601
playingtime,Liga MX,2021-2022,games,100.0,601
playingtime,Liga MX,2021-2022,minutes,100.0,601
playingtime,Liga MX,2021-2022,minutes_per_game,100.0,601
playingtime,Liga MX,2021-2022,minutes_pct,100.0,601
playingtime,Liga MX,2021-2022,minutes_90s,100.0,601
playingtime,Liga MX,2021-2022,games_starts,100.0,601
playingtime,Liga MX,2021-2022,minutes_per_start,85.4,601
playingtime,Liga MX,2021-2022,games_complete,100.0,601
playingtime,Liga MX,2021-2022,games_subs,100.0,601
playingtime,Liga MX,2021-2022,minutes_per_sub,85.7,601
playingtime,Liga MX,2021-2022,unused_subs,100.0,601
playingtime,Liga MX,2021-2022,points_per_game,99.3,601
playingtime,Liga MX,2021-2022,on_goals_for,100.0,601
playingtime,Liga MX,2021-2022,on_goals_against,100.0,601
playingtime,Liga MX,2021-2022,plus_minus,100.0,601
playingtime,Liga MX,2021-2022,plus_minus_per90,100.0,601
playingtime,Liga MX,2021-2022,plus_minus_wowy,99.3,601
playingtime,Liga MX,2021-2022,player_id,100.0,601
playingtime,Liga MX,2021-2022,team_id,100.0,601
playingtime,Liga MX,2022-2023,ranker,100.0,586
playingtime,Liga MX,2022-2023,player,100.0,586
playingtime,Liga MX,2022-2023,nationality,99.8,586
playingtime,Liga MX,2022-2023,position,100.0,586
playingtime,Liga MX,2022-2023,team,100.0,586
playingtime,Liga MX,2022-2023,age,99.8,586
playingtime,Liga MX,2022-2023,birth_year,99.8,586
playingtime,Liga MX,2022-2023,games,100.0,586
playingtime,Liga MX,2022-2023,minutes,100.0,586
playingtime,Liga MX,2022-2023,minutes_per_game,100.0,586
playingtime,Liga MX,2022-2023,minutes_pct,100.0,586
playingtime,Liga MX,2022-2023,minutes_90s,100.0,586
playingtime,Liga MX,2022-2023,games_starts,100.0,586
playingtime,Liga MX,2022-2023,minutes_per_start,86.0,586
playingtime,Liga MX,2022-2023,games_complete,100.0,586
playingtime,Liga MX,2022-2023,games_subs,100.0,586
playingtime,Liga MX,2022-2023,minutes_per_sub,83.1,586
playingtime,Liga MX,2022-2023,unused_subs,100.0,586
playingtime,Liga MX,2022-2023,points_per_game,99.7,586
playingtime,Liga MX,2022-2023,on_goals_for,100.0,586
playingtime,Liga MX,2022-2023,on_goals_against,100.0,586
playingtime,Liga MX,2022-2023,plus_minus,100.0,586
playingtime,Liga MX,2022-2023,plus_minus_per90,100.0,586
playingtime,Liga MX,2022-2023,plus_minus_wowy,99.3,586
playingtime,Liga MX,2022-2023,player_id,100.0,586
playingtime,Liga MX,2022-2023,team_id,100.0,586
playingtime,Liga MX,2023-2024,ranker,100.0,622
playingtime,Liga MX,2023-2024,player,100.0,622
playingtime,Liga MX,2023-2024,nationality,99.8,622
playingtime,Liga MX,2023-2024,position,100.0,622
playingtime,Liga MX,2023-2024,team,100.0,622
playingtime,Liga MX,2023-2024,age,100.0,622
playingtime,Liga MX,2023-2024,birth_year,100.0,622
playingtime,Liga MX,2023-2024,games,100.0,622
playingtime,Liga MX,2023-2024,minutes,100.0,622
playingtime,Liga MX,2023-2024,minutes_per_game,100.0,622
playingtime,Liga MX,2023-2024,minutes_pct,100.0,622
playingtime,Liga MX,2023-2024,minutes_90s,100.0,622
playingtime,Liga MX,2023-2024,games_starts,100.0,622
playingtime,Liga MX,2023-2024,minutes_per_start,83.8,622
playingtime,Liga MX,2023-2024,games_complete,100.0,622
playingtime,Liga MX,2023-2024,games_subs,100.0,622
playingtime,Liga MX,2023-2024,minutes_per_sub,82.5,622
playingtime,Liga MX,2023-2024,unused_subs,100.0,622
playingtime,Liga MX,2023-2024,points_per_game,99.5,622
playingtime,Liga MX,2023-2024,on_goals_for,100.0,622
playingtime,Liga MX,2023-2024,on_goals_against,100.0,622
playingtime,Liga MX,2023-2024,plus_minus,100.0,622
playingtime,Liga MX,2023-2024,plus_minus_per90,100.0,622
playingtime,Liga MX,2023-2024,plus_minus_wowy,99.0,622
playingtime,Liga MX,2023-2024,player_id,100.0,622
playingtime,Liga MX,2023-2024,team_id,100.0,622
playingtime,Liga MX,2024-2025,ranker,100.0,635
playingtime,Liga MX,2024-2025,player,100.0,635
playingtime,Liga MX,2024-2025,nationality,100.0,635
playingtime,Liga MX,2024-2025,position,100.0,635
playingtime,Liga MX,2024-2025,team,100.0,635
playingtime,Liga MX,2024-2025,age,100.0,635
playingtime,Liga MX,2024-2025,birth_year,100.0,635
playingtime,Liga MX,2024-2025,games,100.0,635
playingtime,Liga MX,2024-2025,minutes,100.0,635
playingtime,Liga MX,2024-2025,minutes_per_game,100.0,635
playingtime,Liga MX,2024-2025,minutes_pct,100.0,635
playingtime,Liga MX,2024-2025,minutes_90s,100.0,635
playingtime,Liga MX,2024-2025,games_starts,100.0,635
playingtime,Liga MX,2024-2025,minutes_per_start,85.5,635
playingtime,Liga MX,2024-2025,games_complete,100.0,635
playingtime,Liga MX,2024-2025,games_subs,100.0,635
playingtime,Liga MX,2024-2025,minutes_per_sub,84.1,635
playingtime,Liga MX,2024-2025,unused_subs,100.0,635
playingtime,Liga MX,2024-2025,points_per_game,100.0,635
playingtime,Liga MX,2024-2025,on_goals_for,100.0,635
playingtime,Liga MX,2024-2025,on_goals_against,100.0,635
playingtime,Liga MX,2024-2025,plus_minus,100.0,635
playingtime,Liga MX,2024-2025,plus_minus_per90,100.0,635
playingtime,Liga MX,2024-2025,plus_minus_wowy,99.8,635
playingtime,Liga MX,2024-2025,player_id,100.0,635
playingtime,Liga MX,2024-2025,team_id,100.0,635
playingtime,Liga MX,2025-2026,ranker,100.0,611
playingtime,Liga MX,2025-2026,player,100.0,611
playingtime,Liga MX,2025-2026,nationality,99.7,611
playingtime,Liga MX,2025-2026,position,100.0,611
playingtime,Liga MX,2025-2026,team,100.0,611
playingtime,Liga MX,2025-2026,age,99.8,611
playingtime,Liga MX,2025-2026,birth_year,99.8,611
playingtime,Liga MX,2025-2026,games,100.0,611
playingtime,Liga MX,2025-2026,minutes,100.0,611
playingtime,Liga MX,2025-2026,minutes_per_game,100.0,611
playingtime,Liga MX,2025-2026,minutes_pct,100.0,611
playingtime,Liga MX,2025-2026,minutes_90s,100.0,611
playingtime,Liga MX,2025-2026,games_starts,100.0,611
playingtime,Liga MX,2025-2026,minutes_per_start,86.4,611
playingtime,Liga MX,2025-2026,games_complete,100.0,611
playingtime,Liga MX,2025-2026,games_subs,100.0,611
playingtime,Liga MX,2025-2026,minutes_per_sub,84.9,611
playingtime,Liga MX,2025-2026,unused_subs,100.0,611
playingtime,Liga MX,2025-2026,points_per_game,100.0,611
playingtime,Liga MX,2025-2026,on_goals_for,100.0,611
playingtime,Liga MX,2025-2026,on_goals_against,100.0,611
playingtime,Liga MX,2025-2026,plus_minus,100.0,611
playingtime,Liga MX,2025-2026,plus_minus_per90,100.0,611
playingtime,Liga MX,2025-2026,plus_minus_wowy,99.3,611
playingtime,Liga MX,2025-2026,player_id,100.0,611
playingtime,Liga MX,2025-2026,team_id,100.0,611
playingtime,Ligue 1,2010-2011,ranker,100.0,543
playingtime,Ligue 1,2010-2011,player,100.0,543
playingtime,Ligue 1,2010-2011,nationality,100.0,543
playingtime,Ligue 1,2010-2011,position,100.0,543
playingtime,Ligue 1,2010-2011,team,100.0,543
playingtime,Ligue 1,2010-2011,age,100.0,543
playingtime,Ligue 1,2010-2011,birth_year,100.0,543
playingtime,Ligue 1,2010-2011,games,100.0,543
playingtime,Ligue 1,2010-2011,minutes,100.0,543
playingtime,Ligue 1,2010-2011,minutes_per_game,100.0,543
playingtime,Ligue 1,2010-2011,minutes_pct,100.0,543
playingtime,Ligue 1,2010-2011,minutes_90s,100.0,543
playingtime,Ligue 1,2010-2011,games_starts,100.0,543
playingtime,Ligue 1,2010-2011,minutes_per_start,0.0,543
playingtime,Ligue 1,2010-2011,games_complete,87.1,543
playingtime,Ligue 1,2010-2011,games_subs,100.0,543
playingtime,Ligue 1,2010-2011,minutes_per_sub,0.0,543
playingtime,Ligue 1,2010-2011,unused_subs,0.0,543
playingtime,Ligue 1,2010-2011,points_per_game,0.0,543
playingtime,Ligue 1,2010-2011,on_goals_for,0.0,543
playingtime,Ligue 1,2010-2011,on_goals_against,0.0,543
playingtime,Ligue 1,2010-2011,plus_minus,0.0,543
playingtime,Ligue 1,2010-2011,plus_minus_per90,0.0,543
playingtime,Ligue 1,2010-2011,plus_minus_wowy,0.0,543
playingtime,Ligue 1,2010-2011,player_id,100.0,543
playingtime,Ligue 1,2010-2011,team_id,100.0,543
playingtime,Ligue 1,2011-2012,ranker,100.0,549
playingtime,Ligue 1,2011-2012,player,100.0,549
playingtime,Ligue 1,2011-2012,nationality,99.8,549
playingtime,Ligue 1,2011-2012,position,100.0,549
playingtime,Ligue 1,2011-2012,team,100.0,549
playingtime,Ligue 1,2011-2012,age,100.0,549
playingtime,Ligue 1,2011-2012,birth_year,100.0,549
playingtime,Ligue 1,2011-2012,games,100.0,549
playingtime,Ligue 1,2011-2012,minutes,100.0,549
playingtime,Ligue 1,2011-2012,minutes_per_game,100.0,549
playingtime,Ligue 1,2011-2012,minutes_pct,100.0,549
playingtime,Ligue 1,2011-2012,minutes_90s,100.0,549
playingtime,Ligue 1,2011-2012,games_starts,100.0,549
playingtime,Ligue 1,2011-2012,minutes_per_start,0.0,549
playingtime,Ligue 1,2011-2012,games_complete,88.7,549
playingtime,Ligue 1,2011-2012,games_subs,100.0,549
playingtime,Ligue 1,2011-2012,minutes_per_sub,0.0,549
playingtime,Ligue 1,2011-2012,unused_subs,0.0,549
playingtime,Ligue 1,2011-2012,points_per_game,0.0,549
playingtime,Ligue 1,2011-2012,on_goals_for,0.0,549
playingtime,Ligue 1,2011-2012,on_goals_against,0.0,549
playingtime,Ligue 1,2011-2012,plus_minus,0.0,549
playingtime,Ligue 1,2011-2012,plus_minus_per90,0.0,549
playingtime,Ligue 1,2011-2012,plus_minus_wowy,0.0,549
playingtime,Ligue 1,2011-2012,player_id,100.0,549
playingtime,Ligue 1,2011-2012,team_id,100.0,549
playingtime,Ligue 1,2012-2013,ranker,100.0,562
playingtime,Ligue 1,2012-2013,player,100.0,562
playingtime,Ligue 1,2012-2013,nationality,100.0,562
playingtime,Ligue 1,2012-2013,position,100.0,562
playingtime,Ligue 1,2012-2013,team,100.0,562
playingtime,Ligue 1,2012-2013,age,100.0,562
playingtime,Ligue 1,2012-2013,birth_year,100.0,562
playingtime,Ligue 1,2012-2013,games,100.0,562
playingtime,Ligue 1,2012-2013,minutes,100.0,562
playingtime,Ligue 1,2012-2013,minutes_per_game,100.0,562
playingtime,Ligue 1,2012-2013,minutes_pct,100.0,562
playingtime,Ligue 1,2012-2013,minutes_90s,100.0,562
playingtime,Ligue 1,2012-2013,games_starts,100.0,562
playingtime,Ligue 1,2012-2013,minutes_per_start,0.0,562
playingtime,Ligue 1,2012-2013,games_complete,89.3,562
playingtime,Ligue 1,2012-2013,games_subs,100.0,562
playingtime,Ligue 1,2012-2013,minutes_per_sub,0.0,562
playingtime,Ligue 1,2012-2013,unused_subs,0.0,562
playingtime,Ligue 1,2012-2013,points_per_game,0.0,562
playingtime,Ligue 1,2012-2013,on_goals_for,0.0,562
playingtime,Ligue 1,2012-2013,on_goals_against,0.0,562
playingtime,Ligue 1,2012-2013,plus_minus,0.0,562
playingtime,Ligue 1,2012-2013,plus_minus_per90,0.0,562
playingtime,Ligue 1,2012-2013,plus_minus_wowy,0.0,562
playingtime,Ligue 1,2012-2013,player_id,100.0,562
playingtime,Ligue 1,2012-2013,team_id,100.0,562
playingtime,Ligue 1,2013-2014,ranker,100.0,560
playingtime,Ligue 1,2013-2014,player,100.0,560
playingtime,Ligue 1,2013-2014,nationality,99.5,560
playingtime,Ligue 1,2013-2014,position,99.5,560
playingtime,Ligue 1,2013-2014,team,100.0,560
playingtime,Ligue 1,2013-2014,age,99.6,560
playingtime,Ligue 1,2013-2014,birth_year,99.6,560
playingtime,Ligue 1,2013-2014,games,100.0,560
playingtime,Ligue 1,2013-2014,minutes,100.0,560
playingtime,Ligue 1,2013-2014,minutes_per_game,100.0,560
playingtime,Ligue 1,2013-2014,minutes_pct,100.0,560
playingtime,Ligue 1,2013-2014,minutes_90s,100.0,560
playingtime,Ligue 1,2013-2014,games_starts,100.0,560
playingtime,Ligue 1,2013-2014,minutes_per_start,0.0,560
playingtime,Ligue 1,2013-2014,games_complete,89.1,560
playingtime,Ligue 1,2013-2014,games_subs,100.0,560
playingtime,Ligue 1,2013-2014,minutes_per_sub,0.0,560
playingtime,Ligue 1,2013-2014,unused_subs,0.0,560
playingtime,Ligue 1,2013-2014,points_per_game,0.0,560
playingtime,Ligue 1,2013-2014,on_goals_for,0.0,560
playingtime,Ligue 1,2013-2014,on_goals_against,0.0,560
playingtime,Ligue 1,2013-2014,plus_minus,0.0,560
playingtime,Ligue 1,2013-2014,plus_minus_per90,0.0,560
playingtime,Ligue 1,2013-2014,plus_minus_wowy,0.0,560
playingtime,Ligue 1,2013-2014,player_id,100.0,560
playingtime,Ligue 1,2013-2014,team_id,100.0,560
playingtime,Ligue 1,2014-2015,ranker,100.0,545
playingtime,Ligue 1,2014-2015,player,100.0,545
playingtime,Ligue 1,2014-2015,nationality,99.8,545
playingtime,Ligue 1,2014-2015,position,99.8,545
playingtime,Ligue 1,2014-2015,team,100.0,545
playingtime,Ligue 1,2014-2015,age,99.8,545
playingtime,Ligue 1,2014-2015,birth_year,99.8,545
playingtime,Ligue 1,2014-2015,games,100.0,545
playingtime,Ligue 1,2014-2015,minutes,100.0,545
playingtime,Ligue 1,2014-2015,minutes_per_game,100.0,545
playingtime,Ligue 1,2014-2015,minutes_pct,100.0,545
playingtime,Ligue 1,2014-2015,minutes_90s,100.0,545
playingtime,Ligue 1,2014-2015,games_starts,100.0,545
playingtime,Ligue 1,2014-2015,minutes_per_start,0.0,545
playingtime,Ligue 1,2014-2015,games_complete,99.4,545
playingtime,Ligue 1,2014-2015,games_subs,100.0,545
playingtime,Ligue 1,2014-2015,minutes_per_sub,0.0,545
playingtime,Ligue 1,2014-2015,unused_subs,100.0,545
playingtime,Ligue 1,2014-2015,points_per_game,99.4,545
playingtime,Ligue 1,2014-2015,on_goals_for,99.4,545
playingtime,Ligue 1,2014-2015,on_goals_against,99.4,545
playingtime,Ligue 1,2014-2015,plus_minus,99.4,545
playingtime,Ligue 1,2014-2015,plus_minus_per90,99.4,545
playingtime,Ligue 1,2014-2015,plus_minus_wowy,98.3,545
playingtime,Ligue 1,2014-2015,player_id,100.0,545
playingtime,Ligue 1,2014-2015,team_id,100.0,545
playingtime,Ligue 1,2015-2016,ranker,100.0,588
playingtime,Ligue 1,2015-2016,player,100.0,588
playingtime,Ligue 1,2015-2016,nationality,99.8,588
playingtime,Ligue 1,2015-2016,position,100.0,588
playingtime,Ligue 1,2015-2016,team,100.0,588
playingtime,Ligue 1,2015-2016,age,100.0,588
playingtime,Ligue 1,2015-2016,birth_year,100.0,588
playingtime,Ligue 1,2015-2016,games,100.0,588
playingtime,Ligue 1,2015-2016,minutes,100.0,588
playingtime,Ligue 1,2015-2016,minutes_per_game,100.0,588
playingtime,Ligue 1,2015-2016,minutes_pct,100.0,588
playingtime,Ligue 1,2015-2016,minutes_90s,100.0,588
playingtime,Ligue 1,2015-2016,games_starts,100.0,588
playingtime,Ligue 1,2015-2016,minutes_per_start,0.0,588
playingtime,Ligue 1,2015-2016,games_complete,99.7,588
playingtime,Ligue 1,2015-2016,games_subs,100.0,588
playingtime,Ligue 1,2015-2016,minutes_per_sub,0.0,588
playingtime,Ligue 1,2015-2016,unused_subs,100.0,588
playingtime,Ligue 1,2015-2016,points_per_game,99.5,588
playingtime,Ligue 1,2015-2016,on_goals_for,99.5,588
playingtime,Ligue 1,2015-2016,on_goals_against,99.5,588
playingtime,Ligue 1,2015-2016,plus_minus,99.5,588
playingtime,Ligue 1,2015-2016,plus_minus_per90,99.5,588
playingtime,Ligue 1,2015-2016,plus_minus_wowy,99.0,588
playingtime,Ligue 1,2015-2016,player_id,100.0,588
playingtime,Ligue 1,2015-2016,team_id,100.0,588
playingtime,Ligue 1,2016-2017,ranker,100.0,575
playingtime,Ligue 1,2016-2017,player,100.0,575
playingtime,Ligue 1,2016-2017,nationality,99.8,575
playingtime,Ligue 1,2016-2017,position,100.0,575
playingtime,Ligue 1,2016-2017,team,100.0,575
playingtime,Ligue 1,2016-2017,age,100.0,575
playingtime,Ligue 1,2016-2017,birth_year,100.0,575
playingtime,Ligue 1,2016-2017,games,100.0,575
playingtime,Ligue 1,2016-2017,minutes,100.0,575
playingtime,Ligue 1,2016-2017,minutes_per_game,100.0,575
playingtime,Ligue 1,2016-2017,minutes_pct,100.0,575
playingtime,Ligue 1,2016-2017,minutes_90s,100.0,575
playingtime,Ligue 1,2016-2017,games_starts,100.0,575
playingtime,Ligue 1,2016-2017,minutes_per_start,0.0,575
playingtime,Ligue 1,2016-2017,games_complete,100.0,575
playingtime,Ligue 1,2016-2017,games_subs,100.0,575
playingtime,Ligue 1,2016-2017,minutes_per_sub,0.0,575
playingtime,Ligue 1,2016-2017,unused_subs,100.0,575
playingtime,Ligue 1,2016-2017,points_per_game,99.8,575
playingtime,Ligue 1,2016-2017,on_goals_for,99.8,575
playingtime,Ligue 1,2016-2017,on_goals_against,99.8,575
playingtime,Ligue 1,2016-2017,plus_minus,99.8,575
playingtime,Ligue 1,2016-2017,plus_minus_per90,99.8,575
playingtime,Ligue 1,2016-2017,plus_minus_wowy,99.5,575
playingtime,Ligue 1,2016-2017,player_id,100.0,575
playingtime,Ligue 1,2016-2017,team_id,100.0,575
playingtime,Ligue 1,2017-2018,ranker,100.0,553
playingtime,Ligue 1,2017-2018,player,100.0,553
playingtime,Ligue 1,2017-2018,nationality,99.8,553
playingtime,Ligue 1,2017-2018,position,100.0,553
playingtime,Ligue 1,2017-2018,team,100.0,553
playingtime,Ligue 1,2017-2018,age,100.0,553
playingtime,Ligue 1,2017-2018,birth_year,100.0,553
playingtime,Ligue 1,2017-2018,games,100.0,553
playingtime,Ligue 1,2017-2018,minutes,100.0,553
playingtime,Ligue 1,2017-2018,minutes_per_game,100.0,553
playingtime,Ligue 1,2017-2018,minutes_pct,100.0,553
playingtime,Ligue 1,2017-2018,minutes_90s,100.0,553
playingtime,Ligue 1,2017-2018,games_starts,100.0,553
playingtime,Ligue 1,2017-2018,minutes_per_start,89.9,553
playingtime,Ligue 1,2017-2018,games_complete,100.0,553
playingtime,Ligue 1,2017-2018,games_subs,100.0,553
playingtime,Ligue 1,2017-2018,minutes_per_sub,79.6,553
playingtime,Ligue 1,2017-2018,unused_subs,100.0,553
playingtime,Ligue 1,2017-2018,points_per_game,100.0,553
playingtime,Ligue 1,2017-2018,on_goals_for,100.0,553
playingtime,Ligue 1,2017-2018,on_goals_against,100.0,553
playingtime,Ligue 1,2017-2018,plus_minus,100.0,553
playingtime,Ligue 1,2017-2018,plus_minus_per90,100.0,553
playingtime,Ligue 1,2017-2018,plus_minus_wowy,99.3,553
playingtime,Ligue 1,2017-2018,player_id,100.0,553
playingtime,Ligue 1,2017-2018,team_id,100.0,553
playingtime,Ligue 1,2018-2019,ranker,100.0,561
playingtime,Ligue 1,2018-2019,player,100.0,561
playingtime,Ligue 1,2018-2019,nationality,99.6,561
playingtime,Ligue 1,2018-2019,position,99.8,561
playingtime,Ligue 1,2018-2019,team,100.0,561
playingtime,Ligue 1,2018-2019,age,100.0,561
playingtime,Ligue 1,2018-2019,birth_year,100.0,561
playingtime,Ligue 1,2018-2019,games,100.0,561
playingtime,Ligue 1,2018-2019,minutes,100.0,561
playingtime,Ligue 1,2018-2019,minutes_per_game,100.0,561
playingtime,Ligue 1,2018-2019,minutes_pct,100.0,561
playingtime,Ligue 1,2018-2019,minutes_90s,100.0,561
playingtime,Ligue 1,2018-2019,games_starts,100.0,561
playingtime,Ligue 1,2018-2019,minutes_per_start,89.8,561
playingtime,Ligue 1,2018-2019,games_complete,100.0,561
playingtime,Ligue 1,2018-2019,games_subs,100.0,561
playingtime,Ligue 1,2018-2019,minutes_per_sub,75.0,561
playingtime,Ligue 1,2018-2019,unused_subs,100.0,561
playingtime,Ligue 1,2018-2019,points_per_game,100.0,561
playingtime,Ligue 1,2018-2019,on_goals_for,100.0,561
playingtime,Ligue 1,2018-2019,on_goals_against,100.0,561
playingtime,Ligue 1,2018-2019,plus_minus,100.0,561
playingtime,Ligue 1,2018-2019,plus_minus_per90,100.0,561
playingtime,Ligue 1,2018-2019,plus_minus_wowy,98.9,561
playingtime,Ligue 1,2018-2019,player_id,100.0,561
playingtime,Ligue 1,2018-2019,team_id,100.0,561
playingtime,Ligue 1,2019-2020,ranker,100.0,542
playingtime,Ligue 1,2019-2020,player,100.0,542
playingtime,Ligue 1,2019-2020,nationality,100.0,542
playingtime,Ligue 1,2019-2020,position,100.0,542
playingtime,Ligue 1,2019-2020,team,100.0,542
playingtime,Ligue 1,2019-2020,age,100.0,542
playingtime,Ligue 1,2019-2020,birth_year,100.0,542
playingtime,Ligue 1,2019-2020,games,100.0,542
playingtime,Ligue 1,2019-2020,minutes,100.0,542
playingtime,Ligue 1,2019-2020,minutes_per_game,100.0,542
playingtime,Ligue 1,2019-2020,minutes_pct,100.0,542
playingtime,Ligue 1,2019-2020,minutes_90s,100.0,542
playingtime,Ligue 1,2019-2020,games_starts,100.0,542
playingtime,Ligue 1,2019-2020,minutes_per_start,89.9,542
playingtime,Ligue 1,2019-2020,games_complete,100.0,542
playingtime,Ligue 1,2019-2020,games_subs,100.0,542
playingtime,Ligue 1,2019-2020,minutes_per_sub,74.7,542
playingtime,Ligue 1,2019-2020,unused_subs,100.0,542
playingtime,Ligue 1,2019-2020,points_per_game,100.0,542
playingtime,Ligue 1,2019-2020,on_goals_for,100.0,542
playingtime,Ligue 1,2019-2020,on_goals_against,100.0,542
playingtime,Ligue 1,2019-2020,plus_minus,100.0,542
playingtime,Ligue 1,2019-2020,plus_minus_per90,100.0,542
playingtime,Ligue 1,2019-2020,plus_minus_wowy,98.3,542
playingtime,Ligue 1,2019-2020,player_id,100.0,542
playingtime,Ligue 1,2019-2020,team_id,100.0,542
playingtime,Ligue 1,2020-2021,ranker,100.0,584
playingtime,Ligue 1,2020-2021,player,100.0,584
playingtime,Ligue 1,2020-2021,nationality,100.0,584
playingtime,Ligue 1,2020-2021,position,100.0,584
playingtime,Ligue 1,2020-2021,team,100.0,584
playingtime,Ligue 1,2020-2021,age,100.0,584
playingtime,Ligue 1,2020-2021,birth_year,100.0,584
playingtime,Ligue 1,2020-2021,games,100.0,584
playingtime,Ligue 1,2020-2021,minutes,100.0,584
playingtime,Ligue 1,2020-2021,minutes_per_game,100.0,584
playingtime,Ligue 1,2020-2021,minutes_pct,100.0,584
playingtime,Ligue 1,2020-2021,minutes_90s,100.0,584
playingtime,Ligue 1,2020-2021,games_starts,100.0,584
playingtime,Ligue 1,2020-2021,minutes_per_start,86.1,584
playingtime,Ligue 1,2020-2021,games_complete,100.0,584
playingtime,Ligue 1,2020-2021,games_subs,100.0,584
playingtime,Ligue 1,2020-2021,minutes_per_sub,82.7,584
playingtime,Ligue 1,2020-2021,unused_subs,100.0,584
playingtime,Ligue 1,2020-2021,points_per_game,99.7,584
playingtime,Ligue 1,2020-2021,on_goals_for,100.0,584
playingtime,Ligue 1,2020-2021,on_goals_against,100.0,584
playingtime,Ligue 1,2020-2021,plus_minus,100.0,584
playingtime,Ligue 1,2020-2021,plus_minus_per90,100.0,584
playingtime,Ligue 1,2020-2021,plus_minus_wowy,98.6,584
playingtime,Ligue 1,2020-2021,player_id,100.0,584
playingtime,Ligue 1,2020-2021,team_id,100.0,584
playingtime,Ligue 1,2021-2022,ranker,100.0,604
playingtime,Ligue 1,2021-2022,player,100.0,604
playingtime,Ligue 1,2021-2022,nationality,100.0,604
playingtime,Ligue 1,2021-2022,position,100.0,604
playingtime,Ligue 1,2021-2022,team,100.0,604
playingtime,Ligue 1,2021-2022,age,100.0,604
playingtime,Ligue 1,2021-2022,birth_year,100.0,604
playingtime,Ligue 1,2021-2022,games,100.0,604
playingtime,Ligue 1,2021-2022,minutes,100.0,604
playingtime,Ligue 1,2021-2022,minutes_per_game,100.0,604
playingtime,Ligue 1,2021-2022,minutes_pct,100.0,604
playingtime,Ligue 1,2021-2022,minutes_90s,100.0,604
playingtime,Ligue 1,2021-2022,games_starts,100.0,604
playingtime,Ligue 1,2021-2022,minutes_per_start,84.1,604
playingtime,Ligue 1,2021-2022,games_complete,100.0,604
playingtime,Ligue 1,2021-2022,games_subs,100.0,604
playingtime,Ligue 1,2021-2022,minutes_per_sub,83.8,604
playingtime,Ligue 1,2021-2022,unused_subs,100.0,604
playingtime,Ligue 1,2021-2022,points_per_game,99.7,604
playingtime,Ligue 1,2021-2022,on_goals_for,100.0,604
playingtime,Ligue 1,2021-2022,on_goals_against,100.0,604
playingtime,Ligue 1,2021-2022,plus_minus,100.0,604
playingtime,Ligue 1,2021-2022,plus_minus_per90,100.0,604
playingtime,Ligue 1,2021-2022,plus_minus_wowy,99.2,604
playingtime,Ligue 1,2021-2022,player_id,100.0,604
playingtime,Ligue 1,2021-2022,team_id,100.0,604
playingtime,Ligue 1,2022-2023,ranker,100.0,606
playingtime,Ligue 1,2022-2023,player,100.0,606
playingtime,Ligue 1,2022-2023,nationality,100.0,606
playingtime,Ligue 1,2022-2023,position,100.0,606
playingtime,Ligue 1,2022-2023,team,100.0,606
playingtime,Ligue 1,2022-2023,age,100.0,606
playingtime,Ligue 1,2022-2023,birth_year,100.0,606
playingtime,Ligue 1,2022-2023,games,100.0,606
playingtime,Ligue 1,2022-2023,minutes,100.0,606
playingtime,Ligue 1,2022-2023,minutes_per_game,100.0,606
playingtime,Ligue 1,2022-2023,minutes_pct,100.0,606
playingtime,Ligue 1,2022-2023,minutes_90s,100.0,606
playingtime,Ligue 1,2022-2023,games_starts,100.0,606
playingtime,Ligue 1,2022-2023,minutes_per_start,85.5,606
playingtime,Ligue 1,2022-2023,games_complete,100.0,606
playingtime,Ligue 1,2022-2023,games_subs,100.0,606
playingtime,Ligue 1,2022-2023,minutes_per_sub,86.5,606
playingtime,Ligue 1,2022-2023,unused_subs,100.0,606
playingtime,Ligue 1,2022-2023,points_per_game,100.0,606
playingtime,Ligue 1,2022-2023,on_goals_for,100.0,606
playingtime,Ligue 1,2022-2023,on_goals_against,100.0,606
playingtime,Ligue 1,2022-2023,plus_minus,100.0,606
playingtime,Ligue 1,2022-2023,plus_minus_per90,100.0,606
playingtime,Ligue 1,2022-2023,plus_minus_wowy,99.3,606
playingtime,Ligue 1,2022-2023,player_id,100.0,606
playingtime,Ligue 1,2022-2023,team_id,100.0,606
playingtime,Ligue 1,2023-2024,ranker,100.0,540
playingtime,Ligue 1,2023-2024,player,100.0,540
playingtime,Ligue 1,2023-2024,nationality,100.0,540
playingtime,Ligue 1,2023-2024,position,100.0,540
playingtime,Ligue 1,2023-2024,team,100.0,540
playingtime,Ligue 1,2023-2024,age,100.0,540
playingtime,Ligue 1,2023-2024,birth_year,100.0,540
playingtime,Ligue 1,2023-2024,games,100.0,540
playingtime,Ligue 1,2023-2024,minutes,100.0,540
playingtime,Ligue 1,2023-2024,minutes_per_game,100.0,540
playingtime,Ligue 1,2023-2024,minutes_pct,100.0,540
playingtime,Ligue 1,2023-2024,minutes_90s,100.0,540
playingtime,Ligue 1,2023-2024,games_starts,100.0,540
playingtime,Ligue 1,2023-2024,minutes_per_start,85.4,540
playingtime,Ligue 1,2023-2024,games_complete,100.0,540
playingtime,Ligue 1,2023-2024,games_subs,100.0,540
playingtime,Ligue 1,2023-2024,minutes_per_sub,85.9,540
playingtime,Ligue 1,2023-2024,unused_subs,100.0,540
playingtime,Ligue 1,2023-2024,points_per_game,99.8,540
playingtime,Ligue 1,2023-2024,on_goals_for,100.0,540
playingtime,Ligue 1,2023-2024,on_goals_against,100.0,540
playingtime,Ligue 1,2023-2024,plus_minus,100.0,540
playingtime,Ligue 1,2023-2024,plus_minus_per90,100.0,540
playingtime,Ligue 1,2023-2024,plus_minus_wowy,99.1,540
playingtime,Ligue 1,2023-2024,player_id,100.0,540
playingtime,Ligue 1,2023-2024,team_id,100.0,540
playingtime,Ligue 1,2024-2025,ranker,100.0,553
playingtime,Ligue 1,2024-2025,player,100.0,553
playingtime,Ligue 1,2024-2025,nationality,99.8,553
playingtime,Ligue 1,2024-2025,position,100.0,553
playingtime,Ligue 1,2024-2025,team,100.0,553
playingtime,Ligue 1,2024-2025,age,100.0,553
playingtime,Ligue 1,2024-2025,birth_year,100.0,553
playingtime,Ligue 1,2024-2025,games,100.0,553
playingtime,Ligue 1,2024-2025,minutes,100.0,553
playingtime,Ligue 1,2024-2025,minutes_per_game,100.0,553
playingtime,Ligue 1,2024-2025,minutes_pct,100.0,553
playingtime,Ligue 1,2024-2025,minutes_90s,100.0,553
playingtime,Ligue 1,2024-2025,games_starts,100.0,553
playingtime,Ligue 1,2024-2025,minutes_per_start,84.6,553
playingtime,Ligue 1,2024-2025,games_complete,100.0,553
playingtime,Ligue 1,2024-2025,games_subs,100.0,553
playingtime,Ligue 1,2024-2025,minutes_per_sub,85.5,553
playingtime,Ligue 1,2024-2025,unused_subs,100.0,553
playingtime,Ligue 1,2024-2025,points_per_game,100.0,553
playingtime,Ligue 1,2024-2025,on_goals_for,100.0,553
playingtime,Ligue 1,2024-2025,on_goals_against,100.0,553
playingtime,Ligue 1,2024-2025,plus_minus,100.0,553
playingtime,Ligue 1,2024-2025,plus_minus_per90,100.0,553
playingtime,Ligue 1,2024-2025,plus_minus_wowy,98.9,553
playingtime,Ligue 1,2024-2025,player_id,100.0,553
playingtime,Ligue 1,2024-2025,team_id,100.0,553
playingtime,Ligue 1,2025-2026,ranker,100.0,561
playingtime,Ligue 1,2025-2026,player,100.0,561
playingtime,Ligue 1,2025-2026,nationality,99.8,561
playingtime,Ligue 1,2025-2026,position,100.0,561
playingtime,Ligue 1,2025-2026,team,100.0,561
playingtime,Ligue 1,2025-2026,age,100.0,561
playingtime,Ligue 1,2025-2026,birth_year,100.0,561
playingtime,Ligue 1,2025-2026,games,100.0,561
playingtime,Ligue 1,2025-2026,minutes,100.0,561
playingtime,Ligue 1,2025-2026,minutes_per_game,100.0,561
playingtime,Ligue 1,2025-2026,minutes_pct,100.0,561
playingtime,Ligue 1,2025-2026,minutes_90s,100.0,561
playingtime,Ligue 1,2025-2026,games_starts,100.0,561
playingtime,Ligue 1,2025-2026,minutes_per_start,85.6,561
playingtime,Ligue 1,2025-2026,games_complete,100.0,561
playingtime,Ligue 1,2025-2026,games_subs,100.0,561
playingtime,Ligue 1,2025-2026,minutes_per_sub,87.0,561
playingtime,Ligue 1,2025-2026,unused_subs,100.0,561
playingtime,Ligue 1,2025-2026,points_per_game,100.0,561
playingtime,Ligue 1,2025-2026,on_goals_for,100.0,561
playingtime,Ligue 1,2025-2026,on_goals_against,100.0,561
playingtime,Ligue 1,2025-2026,plus_minus,100.0,561
playingtime,Ligue 1,2025-2026,plus_minus_per90,100.0,561
playingtime,Ligue 1,2025-2026,plus_minus_wowy,99.8,561
playingtime,Ligue 1,2025-2026,player_id,100.0,561
playingtime,Ligue 1,2025-2026,team_id,100.0,561
playingtime,Premier League,2010-2011,ranker,100.0,563
playingtime,Premier League,2010-2011,player,100.0,563
playingtime,Premier League,2010-2011,nationality,100.0,563
playingtime,Premier League,2010-2011,position,100.0,563
playingtime,Premier League,2010-2011,team,100.0,563
playingtime,Premier League,2010-2011,age,100.0,563
playingtime,Premier League,2010-2011,birth_year,100.0,563
playingtime,Premier League,2010-2011,games,100.0,563
playingtime,Premier League,2010-2011,minutes,100.0,563
playingtime,Premier League,2010-2011,minutes_per_game,100.0,563
playingtime,Premier League,2010-2011,minutes_pct,100.0,563
playingtime,Premier League,2010-2011,minutes_90s,100.0,563
playingtime,Premier League,2010-2011,games_starts,100.0,563
playingtime,Premier League,2010-2011,minutes_per_start,0.0,563
playingtime,Premier League,2010-2011,games_complete,89.0,563
playingtime,Premier League,2010-2011,games_subs,100.0,563
playingtime,Premier League,2010-2011,minutes_per_sub,0.0,563
playingtime,Premier League,2010-2011,unused_subs,0.0,563
playingtime,Premier League,2010-2011,points_per_game,0.0,563
playingtime,Premier League,2010-2011,on_goals_for,0.0,563
playingtime,Premier League,2010-2011,on_goals_against,0.0,563
playingtime,Premier League,2010-2011,plus_minus,0.0,563
playingtime,Premier League,2010-2011,plus_minus_per90,0.0,563
playingtime,Premier League,2010-2011,plus_minus_wowy,0.0,563
playingtime,Premier League,2010-2011,player_id,100.0,563
playingtime,Premier League,2010-2011,team_id,100.0,563
playingtime,Premier League,2011-2012,ranker,100.0,561
playingtime,Premier League,2011-2012,player,100.0,561
playingtime,Premier League,2011-2012,nationality,100.0,561
playingtime,Premier League,2011-2012,position,100.0,561
playingtime,Premier League,2011-2012,team,100.0,561
playingtime,Premier League,2011-2012,age,100.0,561
playingtime,Premier League,2011-2012,birth_year,100.0,561
playingtime,Premier League,2011-2012,games,100.0,561
playingtime,Premier League,2011-2012,minutes,100.0,561
playingtime,Premier League,2011-2012,minutes_per_game,100.0,561
playingtime,Premier League,2011-2012,minutes_pct,100.0,561
playingtime,Premier League,2011-2012,minutes_90s,100.0,561
playingtime,Premier League,2011-2012,games_starts,100.0,561
playingtime,Premier League,2011-2012,minutes_per_start,0.0,561
playingtime,Premier League,2011-2012,games_complete,89.5,561
playingtime,Premier League,2011-2012,games_subs,100.0,561
playingtime,Premier League,2011-2012,minutes_per_sub,0.0,561
playingtime,Premier League,2011-2012,unused_subs,0.0,561
playingtime,Premier League,2011-2012,points_per_game,0.0,561
playingtime,Premier League,2011-2012,on_goals_for,0.0,561
playingtime,Premier League,2011-2012,on_goals_against,0.0,561
playingtime,Premier League,2011-2012,plus_minus,0.0,561
playingtime,Premier League,2011-2012,plus_minus_per90,0.0,561
playingtime,Premier League,2011-2012,plus_minus_wowy,0.0,561
playingtime,Premier League,2011-2012,player_id,100.0,561
playingtime,Premier League,2011-2012,team_id,100.0,561
playingtime,Premier League,2012-2013,ranker,100.0,537
playingtime,Premier League,2012-2013,player,100.0,537
playingtime,Premier League,2012-2013,nationality,100.0,537
playingtime,Premier League,2012-2013,position,100.0,537
playingtime,Premier League,2012-2013,team,100.0,537
playingtime,Premier League,2012-2013,age,100.0,537
playingtime,Premier League,2012-2013,birth_year,100.0,537
playingtime,Premier League,2012-2013,games,100.0,537
playingtime,Premier League,2012-2013,minutes,100.0,537
playingtime,Premier League,2012-2013,minutes_per_game,100.0,537
playingtime,Premier League,2012-2013,minutes_pct,100.0,537
playingtime,Premier League,2012-2013,minutes_90s,100.0,537
playingtime,Premier League,2012-2013,games_starts,100.0,537
playingtime,Premier League,2012-2013,minutes_per_start,0.0,537
playingtime,Premier League,2012-2013,games_complete,88.8,537
playingtime,Premier League,2012-2013,games_subs,100.0,537
playingtime,Premier League,2012-2013,minutes_per_sub,0.0,537
playingtime,Premier League,2012-2013,unused_subs,0.0,537
playingtime,Premier League,2012-2013,points_per_game,0.0,537
playingtime,Premier League,2012-2013,on_goals_for,0.0,537
playingtime,Premier League,2012-2013,on_goals_against,0.0,537
playingtime,Premier League,2012-2013,plus_minus,0.0,537
playingtime,Premier League,2012-2013,plus_minus_per90,0.0,537
playingtime,Premier League,2012-2013,plus_minus_wowy,0.0,537
playingtime,Premier League,2012-2013,player_id,100.0,537
playingtime,Premier League,2012-2013,team_id,100.0,537
playingtime,Premier League,2013-2014,ranker,100.0,561
playingtime,Premier League,2013-2014,player,100.0,561
playingtime,Premier League,2013-2014,nationality,100.0,561
playingtime,Premier League,2013-2014,position,100.0,561
playingtime,Premier League,2013-2014,team,100.0,561
playingtime,Premier League,2013-2014,age,100.0,561
playingtime,Premier League,2013-2014,birth_year,100.0,561
playingtime,Premier League,2013-2014,games,100.0,561
playingtime,Premier League,2013-2014,minutes,100.0,561
playingtime,Premier League,2013-2014,minutes_per_game,100.0,561
playingtime,Premier League,2013-2014,minutes_pct,100.0,561
playingtime,Premier League,2013-2014,minutes_90s,100.0,561
playingtime,Premier League,2013-2014,games_starts,100.0,561
playingtime,Premier League,2013-2014,minutes_per_start,0.0,561
playingtime,Premier League,2013-2014,games_complete,88.4,561
playingtime,Premier League,2013-2014,games_subs,100.0,561
playingtime,Premier League,2013-2014,minutes_per_sub,0.0,561
playingtime,Premier League,2013-2014,unused_subs,0.0,561
playingtime,Premier League,2013-2014,points_per_game,0.0,561
playingtime,Premier League,2013-2014,on_goals_for,0.0,561
playingtime,Premier League,2013-2014,on_goals_against,0.0,561
playingtime,Premier League,2013-2014,plus_minus,0.0,561
playingtime,Premier League,2013-2014,plus_minus_per90,0.0,561
playingtime,Premier League,2013-2014,plus_minus_wowy,0.0,561
playingtime,Premier League,2013-2014,player_id,100.0,561
playingtime,Premier League,2013-2014,team_id,100.0,561
playingtime,Premier League,2014-2015,ranker,100.0,549
playingtime,Premier League,2014-2015,player,100.0,549
playingtime,Premier League,2014-2015,nationality,100.0,549
playingtime,Premier League,2014-2015,position,100.0,549
playingtime,Premier League,2014-2015,team,100.0,549
playingtime,Premier League,2014-2015,age,100.0,549
playingtime,Premier League,2014-2015,birth_year,100.0,549
playingtime,Premier League,2014-2015,games,100.0,549
playingtime,Premier League,2014-2015,minutes,100.0,549
playingtime,Premier League,2014-2015,minutes_per_game,100.0,549
playingtime,Premier League,2014-2015,minutes_pct,100.0,549
playingtime,Premier League,2014-2015,minutes_90s,100.0,549
playingtime,Premier League,2014-2015,games_starts,100.0,549
playingtime,Premier League,2014-2015,minutes_per_start,0.0,549
playingtime,Premier League,2014-2015,games_complete,100.0,549
playingtime,Premier League,2014-2015,games_subs,100.0,549
playingtime,Premier League,2014-2015,minutes_per_sub,0.0,549
playingtime,Premier League,2014-2015,unused_subs,99.8,549
playingtime,Premier League,2014-2015,points_per_game,99.6,549
playingtime,Premier League,2014-2015,on_goals_for,99.6,549
playingtime,Premier League,2014-2015,on_goals_against,99.6,549
playingtime,Premier League,2014-2015,plus_minus,99.6,549
playingtime,Premier League,2014-2015,plus_minus_per90,99.6,549
playingtime,Premier League,2014-2015,plus_minus_wowy,99.1,549
playingtime,Premier League,2014-2015,player_id,100.0,549
playingtime,Premier League,2014-2015,team_id,100.0,549
playingtime,Premier League,2015-2016,ranker,100.0,561
playingtime,Premier League,2015-2016,player,100.0,561
playingtime,Premier League,2015-2016,nationality,100.0,561
playingtime,Premier League,2015-2016,position,100.0,561
playingtime,Premier League,2015-2016,team,100.0,561
playingtime,Premier League,2015-2016,age,100.0,561
playingtime,Premier League,2015-2016,birth_year,100.0,561
playingtime,Premier League,2015-2016,games,100.0,561
playingtime,Premier League,2015-2016,minutes,100.0,561
playingtime,Premier League,2015-2016,minutes_per_game,100.0,561
playingtime,Premier League,2015-2016,minutes_pct,100.0,561
playingtime,Premier League,2015-2016,minutes_90s,100.0,561
playingtime,Premier League,2015-2016,games_starts,100.0,561
playingtime,Premier League,2015-2016,minutes_per_start,0.0,561
playingtime,Premier League,2015-2016,games_complete,100.0,561
playingtime,Premier League,2015-2016,games_subs,100.0,561
playingtime,Premier League,2015-2016,minutes_per_sub,0.0,561
playingtime,Premier League,2015-2016,unused_subs,100.0,561
playingtime,Premier League,2015-2016,points_per_game,100.0,561
playingtime,Premier League,2015-2016,on_goals_for,100.0,561
playingtime,Premier League,2015-2016,on_goals_against,100.0,561
playingtime,Premier League,2015-2016,plus_minus,100.0,561
playingtime,Premier League,2015-2016,plus_minus_per90,100.0,561
playingtime,Premier League,2015-2016,plus_minus_wowy,99.5,561
playingtime,Premier League,2015-2016,player_id,100.0,561
playingtime,Premier League,2015-2016,team_id,100.0,561
playingtime,Premier League,2016-2017,ranker,100.0,543
playingtime,Premier League,2016-2017,player,100.0,543
playingtime,Premier League,2016-2017,nationality,100.0,543
playingtime,Premier League,2016-2017,position,100.0,543
playingtime,Premier League,2016-2017,team,100.0,543
playingtime,Premier League,2016-2017,age,100.0,543
playingtime,Premier League,2016-2017,birth_year,100.0,543
playingtime,Premier League,2016-2017,games,100.0,543
playingtime,Premier League,2016-2017,minutes,100.0,543
playingtime,Premier League,2016-2017,minutes_per_game,100.0,543
playingtime,Premier League,2016-2017,minutes_pct,100.0,543
playingtime,Premier League,2016-2017,minutes_90s,100.0,543
playingtime,Premier League,2016-2017,games_starts,100.0,543
playingtime,Premier League,2016-2017,minutes_per_start,0.0,543
playingtime,Premier League,2016-2017,games_complete,100.0,543
playingtime,Premier League,2016-2017,games_subs,100.0,543
playingtime,Premier League,2016-2017,minutes_per_sub,0.0,543
playingtime,Premier League,2016-2017,unused_subs,100.0,543
playingtime,Premier League,2016-2017,points_per_game,100.0,543
playingtime,Premier League,2016-2017,on_goals_for,100.0,543
playingtime,Premier League,2016-2017,on_goals_against,100.0,543
playingtime,Premier League,2016-2017,plus_minus,100.0,543
playingtime,Premier League,2016-2017,plus_minus_per90,100.0,543
playingtime,Premier League,2016-2017,plus_minus_wowy,99.1,543
playingtime,Premier League,2016-2017,player_id,100.0,543
playingtime,Premier League,2016-2017,team_id,100.0,543
playingtime,Premier League,2017-2018,ranker,100.0,529
playingtime,Premier League,2017-2018,player,100.0,529
playingtime,Premier League,2017-2018,nationality,99.8,529
playingtime,Premier League,2017-2018,position,100.0,529
playingtime,Premier League,2017-2018,team,100.0,529
playingtime,Premier League,2017-2018,age,100.0,529
playingtime,Premier League,2017-2018,birth_year,100.0,529
playingtime,Premier League,2017-2018,games,100.0,529
playingtime,Premier League,2017-2018,minutes,100.0,529
playingtime,Premier League,2017-2018,minutes_per_game,100.0,529
playingtime,Premier League,2017-2018,minutes_pct,100.0,529
playingtime,Premier League,2017-2018,minutes_90s,100.0,529
playingtime,Premier League,2017-2018,games_starts,100.0,529
playingtime,Premier League,2017-2018,minutes_per_start,0.0,529
playingtime,Premier League,2017-2018,games_complete,99.8,529
playingtime,Premier League,2017-2018,games_subs,100.0,529
playingtime,Premier League,2017-2018,minutes_per_sub,0.0,529
playingtime,Premier League,2017-2018,unused_subs,100.0,529
playingtime,Premier League,2017-2018,points_per_game,99.8,529
playingtime,Premier League,2017-2018,on_goals_for,99.8,529
playingtime,Premier League,2017-2018,on_goals_against,99.8,529
playingtime,Premier League,2017-2018,plus_minus,99.8,529
playingtime,Premier League,2017-2018,plus_minus_per90,99.8,529
playingtime,Premier League,2017-2018,plus_minus_wowy,97.9,529
playingtime,Premier League,2017-2018,player_id,100.0,529
playingtime,Premier League,2017-2018,team_id,100.0,529
playingtime,Premier League,2018-2019,ranker,100.0,508
playingtime,Premier League,2018-2019,player,100.0,508
playingtime,Premier League,2018-2019,nationality,100.0,508
playingtime,Premier League,2018-2019,position,100.0,508
playingtime,Premier League,2018-2019,team,100.0,508
playingtime,Premier League,2018-2019,age,100.0,508
playingtime,Premier League,2018-2019,birth_year,100.0,508
playingtime,Premier League,2018-2019,games,100.0,508
playingtime,Premier League,2018-2019,minutes,100.0,508
playingtime,Premier League,2018-2019,minutes_per_game,100.0,508
playingtime,Premier League,2018-2019,minutes_pct,100.0,508
playingtime,Premier League,2018-2019,minutes_90s,100.0,508
playingtime,Premier League,2018-2019,games_starts,100.0,508
playingtime,Premier League,2018-2019,minutes_per_start,91.1,508
playingtime,Premier League,2018-2019,games_complete,100.0,508
playingtime,Premier League,2018-2019,games_subs,100.0,508
playingtime,Premier League,2018-2019,minutes_per_sub,78.7,508
playingtime,Premier League,2018-2019,unused_subs,100.0,508
playingtime,Premier League,2018-2019,points_per_game,100.0,508
playingtime,Premier League,2018-2019,on_goals_for,100.0,508
playingtime,Premier League,2018-2019,on_goals_against,100.0,508
playingtime,Premier League,2018-2019,plus_minus,100.0,508
playingtime,Premier League,2018-2019,plus_minus_per90,100.0,508
playingtime,Premier League,2018-2019,plus_minus_wowy,97.6,508
playingtime,Premier League,2018-2019,player_id,100.0,508
playingtime,Premier League,2018-2019,team_id,100.0,508
playingtime,Premier League,2019-2020,ranker,100.0,522
playingtime,Premier League,2019-2020,player,100.0,522
playingtime,Premier League,2019-2020,nationality,99.8,522
playingtime,Premier League,2019-2020,position,100.0,522
playingtime,Premier League,2019-2020,team,100.0,522
playingtime,Premier League,2019-2020,age,100.0,522
playingtime,Premier League,2019-2020,birth_year,100.0,522
playingtime,Premier League,2019-2020,games,100.0,522
playingtime,Premier League,2019-2020,minutes,100.0,522
playingtime,Premier League,2019-2020,minutes_per_game,100.0,522
playingtime,Premier League,2019-2020,minutes_pct,100.0,522
playingtime,Premier League,2019-2020,minutes_90s,100.0,522
playingtime,Premier League,2019-2020,games_starts,100.0,522
playingtime,Premier League,2019-2020,minutes_per_start,91.2,522
playingtime,Premier League,2019-2020,games_complete,100.0,522
playingtime,Premier League,2019-2020,games_subs,100.0,522
playingtime,Premier League,2019-2020,minutes_per_sub,80.8,522
playingtime,Premier League,2019-2020,unused_subs,100.0,522
playingtime,Premier League,2019-2020,points_per_game,100.0,522
playingtime,Premier League,2019-2020,on_goals_for,100.0,522
playingtime,Premier League,2019-2020,on_goals_against,100.0,522
playingtime,Premier League,2019-2020,plus_minus,100.0,522
playingtime,Premier League,2019-2020,plus_minus_per90,100.0,522
playingtime,Premier League,2019-2020,plus_minus_wowy,97.1,522
playingtime,Premier League,2019-2020,player_id,100.0,522
playingtime,Premier League,2019-2020,team_id,100.0,522
playingtime,Premier League,2020-2021,ranker,100.0,532
playingtime,Premier League,2020-2021,player,100.0,532
playingtime,Premier League,2020-2021,nationality,99.8,532
playingtime,Premier League,2020-2021,position,100.0,532
playingtime,Premier League,2020-2021,team,100.0,532
playingtime,Premier League,2020-2021,age,100.0,532
playingtime,Premier League,2020-2021,birth_year,100.0,532
playingtime,Premier League,2020-2021,games,100.0,532
playingtime,Premier League,2020-2021,minutes,100.0,532
playingtime,Premier League,2020-2021,minutes_per_game,100.0,532
playingtime,Premier League,2020-2021,minutes_pct,100.0,532
playingtime,Premier League,2020-2021,minutes_90s,100.0,532
playingtime,Premier League,2020-2021,games_starts,100.0,532
playingtime,Premier League,2020-2021,minutes_per_start,89.7,532
playingtime,Premier League,2020-2021,games_complete,100.0,532
playingtime,Premier League,2020-2021,games_subs,100.0,532
playingtime,Premier League,2020-2021,minutes_per_sub,77.6,532
playingtime,Premier League,2020-2021,unused_subs,100.0,532
playingtime,Premier League,2020-2021,points_per_game,100.0,532
playingtime,Premier League,2020-2021,on_goals_for,100.0,532
playingtime,Premier League,2020-2021,on_goals_against,100.0,532
playingtime,Premier League,2020-2021,plus_minus,100.0,532
playingtime,Premier League,2020-2021,plus_minus_per90,100.0,532
playingtime,Premier League,2020-2021,plus_minus_wowy,98.9,532
playingtime,Premier League,2020-2021,player_id,100.0,532
playingtime,Premier League,2020-2021,team_id,100.0,532
playingtime,Premier League,2021-2022,ranker,100.0,546
playingtime,Premier League,2021-2022,player,100.0,546
playingtime,Premier League,2021-2022,nationality,99.8,546
playingtime,Premier League,2021-2022,position,100.0,546
playingtime,Premier League,2021-2022,team,100.0,546
playingtime,Premier League,2021-2022,age,100.0,546
playingtime,Premier League,2021-2022,birth_year,100.0,546
playingtime,Premier League,2021-2022,games,100.0,546
playingtime,Premier League,2021-2022,minutes,100.0,546
playingtime,Premier League,2021-2022,minutes_per_game,100.0,546
playingtime,Premier League,2021-2022,minutes_pct,100.0,546
playingtime,Premier League,2021-2022,minutes_90s,100.0,546
playingtime,Premier League,2021-2022,games_starts,100.0,546
playingtime,Premier League,2021-2022,minutes_per_start,90.1,546
playingtime,Premier League,2021-2022,games_complete,100.0,546
playingtime,Premier League,2021-2022,games_subs,100.0,546
playingtime,Premier League,2021-2022,minutes_per_sub,79.7,546
playingtime,Premier League,2021-2022,unused_subs,100.0,546
playingtime,Premier League,2021-2022,points_per_game,100.0,546
playingtime,Premier League,2021-2022,on_goals_for,100.0,546
playingtime,Premier League,2021-2022,on_goals_against,100.0,546
playingtime,Premier League,2021-2022,plus_minus,100.0,546
playingtime,Premier League,2021-2022,plus_minus_per90,100.0,546
playingtime,Premier League,2021-2022,plus_minus_wowy,99.6,546
playingtime,Premier League,2021-2022,player_id,100.0,546
playingtime,Premier League,2021-2022,team_id,100.0,546
playingtime,Premier League,2022-2023,ranker,100.0,569
playingtime,Premier League,2022-2023,player,100.0,569
playingtime,Premier League,2022-2023,nationality,100.0,569
playingtime,Premier League,2022-2023,position,100.0,569
playingtime,Premier League,2022-2023,team,100.0,569
playingtime,Premier League,2022-2023,age,100.0,569
playingtime,Premier League,2022-2023,birth_year,100.0,569
playingtime,Premier League,2022-2023,games,100.0,569
playingtime,Premier League,2022-2023,minutes,100.0,569
playingtime,Premier League,2022-2023,minutes_per_game,100.0,569
playingtime,Premier League,2022-2023,minutes_pct,100.0,569
playingtime,Premier League,2022-2023,minutes_90s,100.0,569
playingtime,Premier League,2022-2023,games_starts,100.0,569
playingtime,Premier League,2022-2023,minutes_per_start,87.5,569
playingtime,Premier League,2022-2023,games_complete,100.0,569
playingtime,Premier League,2022-2023,games_subs,100.0,569
playingtime,Premier League,2022-2023,minutes_per_sub,85.4,569
playingtime,Premier League,2022-2023,unused_subs,100.0,569
playingtime,Premier League,2022-2023,points_per_game,100.0,569
playingtime,Premier League,2022-2023,on_goals_for,100.0,569
playingtime,Premier League,2022-2023,on_goals_against,100.0,569
playingtime,Premier League,2022-2023,plus_minus,100.0,569
playingtime,Premier League,2022-2023,plus_minus_per90,100.0,569
playingtime,Premier League,2022-2023,plus_minus_wowy,99.3,569
playingtime,Premier League,2022-2023,player_id,100.0,569
playingtime,Premier League,2022-2023,team_id,100.0,569
playingtime,Premier League,2023-2024,ranker,100.0,580
playingtime,Premier League,2023-2024,player,100.0,580
playingtime,Premier League,2023-2024,nationality,100.0,580
playingtime,Premier League,2023-2024,position,100.0,580
playingtime,Premier League,2023-2024,team,100.0,580
playingtime,Premier League,2023-2024,age,100.0,580
playingtime,Premier League,2023-2024,birth_year,100.0,580
playingtime,Premier League,2023-2024,games,100.0,580
playingtime,Premier League,2023-2024,minutes,100.0,580
playingtime,Premier League,2023-2024,minutes_per_game,100.0,580
playingtime,Premier League,2023-2024,minutes_pct,100.0,580
playingtime,Premier League,2023-2024,minutes_90s,100.0,580
playingtime,Premier League,2023-2024,games_starts,100.0,580
playingtime,Premier League,2023-2024,minutes_per_start,85.0,580
playingtime,Premier League,2023-2024,games_complete,100.0,580
playingtime,Premier League,2023-2024,games_subs,100.0,580
playingtime,Premier League,2023-2024,minutes_per_sub,85.3,580
playingtime,Premier League,2023-2024,unused_subs,100.0,580
playingtime,Premier League,2023-2024,points_per_game,100.0,580
playingtime,Premier League,2023-2024,on_goals_for,100.0,580
playingtime,Premier League,2023-2024,on_goals_against,100.0,580
playingtime,Premier League,2023-2024,plus_minus,100.0,580
playingtime,Premier League,2023-2024,plus_minus_per90,100.0,580
playingtime,Premier League,2023-2024,plus_minus_wowy,99.0,580
playingtime,Premier League,2023-2024,player_id,100.0,580
playingtime,Premier League,2023-2024,team_id,100.0,580
playingtime,Premier League,2024-2025,ranker,100.0,574
playingtime,Premier League,2024-2025,player,100.0,574
playingtime,Premier League,2024-2025,nationality,99.8,574
playingtime,Premier League,2024-2025,position,100.0,574
playingtime,Premier League,2024-2025,team,100.0,574
playingtime,Premier League,2024-2025,age,99.8,574
playingtime,Premier League,2024-2025,birth_year,99.8,574
playingtime,Premier League,2024-2025,games,100.0,574
playingtime,Premier League,2024-2025,minutes,100.0,574
playingtime,Premier League,2024-2025,minutes_per_game,100.0,574
playingtime,Premier League,2024-2025,minutes_pct,100.0,574
playingtime,Premier League,2024-2025,minutes_90s,100.0,574
playingtime,Premier League,2024-2025,games_starts,100.0,574
playingtime,Premier League,2024-2025,minutes_per_start,87.1,574
playingtime,Premier League,2024-2025,games_complete,100.0,574
playingtime,Premier League,2024-2025,games_subs,100.0,574
playingtime,Premier League,2024-2025,minutes_per_sub,85.4,574
playingtime,Premier League,2024-2025,unused_subs,100.0,574
playingtime,Premier League,2024-2025,points_per_game,100.0,574
playingtime,Premier League,2024-2025,on_goals_for,100.0,574
playingtime,Premier League,2024-2025,on_goals_against,100.0,574
playingtime,Premier League,2024-2025,plus_minus,100.0,574
playingtime,Premier League,2024-2025,plus_minus_per90,100.0,574
playingtime,Premier League,2024-2025,plus_minus_wowy,99.0,574
playingtime,Premier League,2024-2025,player_id,100.0,574
playingtime,Premier League,2024-2025,team_id,100.0,574
playingtime,Premier League,2025-2026,ranker,100.0,551
playingtime,Premier League,2025-2026,player,100.0,551
playingtime,Premier League,2025-2026,nationality,100.0,551
playingtime,Premier League,2025-2026,position,100.0,551
playingtime,Premier League,2025-2026,team,100.0,551
playingtime,Premier League,2025-2026,age,100.0,551
playingtime,Premier League,2025-2026,birth_year,100.0,551
playingtime,Premier League,2025-2026,games,100.0,551
playingtime,Premier League,2025-2026,minutes,100.0,551
playingtime,Premier League,2025-2026,minutes_per_game,100.0,551
playingtime,Premier League,2025-2026,minutes_pct,100.0,551
playingtime,Premier League,2025-2026,minutes_90s,100.0,551
playingtime,Premier League,2025-2026,games_starts,100.0,551
playingtime,Premier League,2025-2026,minutes_per_start,87.7,551
playingtime,Premier League,2025-2026,games_complete,100.0,551
playingtime,Premier League,2025-2026,games_subs,100.0,551
playingtime,Premier League,2025-2026,minutes_per_sub,84.4,551
playingtime,Premier League,2025-2026,unused_subs,100.0,551
playingtime,Premier League,2025-2026,points_per_game,100.0,551
playingtime,Premier League,2025-2026,on_goals_for,100.0,551
playingtime,Premier League,2025-2026,on_goals_against,100.0,551
playingtime,Premier League,2025-2026,plus_minus,100.0,551
playingtime,Premier League,2025-2026,plus_minus_per90,100.0,551
playingtime,Premier League,2025-2026,plus_minus_wowy,99.1,551
playingtime,Premier League,2025-2026,player_id,100.0,551
playingtime,Premier League,2025-2026,team_id,100.0,551
playingtime,Serie A,2010-2011,ranker,100.0,571
playingtime,Serie A,2010-2011,player,100.0,571
playingtime,Serie A,2010-2011,nationality,100.0,571
playingtime,Serie A,2010-2011,position,100.0,571
playingtime,Serie A,2010-2011,team,100.0,571
playingtime,Serie A,2010-2011,age,100.0,571
playingtime,Serie A,2010-2011,birth_year,100.0,571
playingtime,Serie A,2010-2011,games,100.0,571
playingtime,Serie A,2010-2011,minutes,100.0,571
playingtime,Serie A,2010-2011,minutes_per_game,100.0,571
playingtime,Serie A,2010-2011,minutes_pct,100.0,571
playingtime,Serie A,2010-2011,minutes_90s,100.0,571
playingtime,Serie A,2010-2011,games_starts,100.0,571
playingtime,Serie A,2010-2011,minutes_per_start,0.0,571
playingtime,Serie A,2010-2011,games_complete,89.3,571
playingtime,Serie A,2010-2011,games_subs,100.0,571
playingtime,Serie A,2010-2011,minutes_per_sub,0.0,571
playingtime,Serie A,2010-2011,unused_subs,0.0,571
playingtime,Serie A,2010-2011,points_per_game,0.0,571
playingtime,Serie A,2010-2011,on_goals_for,0.0,571
playingtime,Serie A,2010-2011,on_goals_against,0.0,571
playingtime,Serie A,2010-2011,plus_minus,0.0,571
playingtime,Serie A,2010-2011,plus_minus_per90,0.0,571
playingtime,Serie A,2010-2011,plus_minus_wowy,0.0,571
playingtime,Serie A,2010-2011,player_id,100.0,571
playingtime,Serie A,2010-2011,team_id,100.0,571
playingtime,Serie A,2011-2012,ranker,100.0,586
playingtime,Serie A,2011-2012,player,100.0,586
playingtime,Serie A,2011-2012,nationality,100.0,586
playingtime,Serie A,2011-2012,position,100.0,586
playingtime,Serie A,2011-2012,team,100.0,586
playingtime,Serie A,2011-2012,age,100.0,586
playingtime,Serie A,2011-2012,birth_year,100.0,586
playingtime,Serie A,2011-2012,games,100.0,586
playingtime,Serie A,2011-2012,minutes,100.0,586
playingtime,Serie A,2011-2012,minutes_per_game,100.0,586
playingtime,Serie A,2011-2012,minutes_pct,100.0,586
playingtime,Serie A,2011-2012,minutes_90s,100.0,586
playingtime,Serie A,2011-2012,games_starts,100.0,586
playingtime,Serie A,2011-2012,minutes_per_start,0.0,586
playingtime,Serie A,2011-2012,games_complete,90.4,586
playingtime,Serie A,2011-2012,games_subs,100.0,586
playingtime,Serie A,2011-2012,minutes_per_sub,0.0,586
playingtime,Serie A,2011-2012,unused_subs,0.0,586
playingtime,Serie A,2011-2012,points_per_game,0.0,586
playingtime,Serie A,2011-2012,on_goals_for,0.0,586
playingtime,Serie A,2011-2012,on_goals_against,0.0,586
playingtime,Serie A,2011-2012,plus_minus,0.0,586
playingtime,Serie A,2011-2012,plus_minus_per90,0.0,586
playingtime,Serie A,2011-2012,plus_minus_wowy,0.0,586
playingtime,Serie A,2011-2012,player_id,100.0,586
playingtime,Serie A,2011-2012,team_id,100.0,586
playingtime,Serie A,2012-2013,ranker,100.0,627
playingtime,Serie A,2012-2013,player,100.0,627
playingtime,Serie A,2012-2013,nationality,99.8,627
playingtime,Serie A,2012-2013,position,99.7,627
playingtime,Serie A,2012-2013,team,100.0,627
playingtime,Serie A,2012-2013,age,99.8,627
playingtime,Serie A,2012-2013,birth_year,99.8,627
playingtime,Serie A,2012-2013,games,100.0,627
playingtime,Serie A,2012-2013,minutes,100.0,627
playingtime,Serie A,2012-2013,minutes_per_game,100.0,627
playingtime,Serie A,2012-2013,minutes_pct,100.0,627
playingtime,Serie A,2012-2013,minutes_90s,100.0,627
playingtime,Serie A,2012-2013,games_starts,100.0,627
playingtime,Serie A,2012-2013,minutes_per_start,0.0,627
playingtime,Serie A,2012-2013,games_complete,88.2,627
playingtime,Serie A,2012-2013,games_subs,100.0,627
playingtime,Serie A,2012-2013,minutes_per_sub,0.0,627
playingtime,Serie A,2012-2013,unused_subs,0.0,627
playingtime,Serie A,2012-2013,points_per_game,0.0,627
playingtime,Serie A,2012-2013,on_goals_for,0.0,627
playingtime,Serie A,2012-2013,on_goals_against,0.0,627
playingtime,Serie A,2012-2013,plus_minus,0.0,627
playingtime,Serie A,2012-2013,plus_minus_per90,0.0,627
playingtime,Serie A,2012-2013,plus_minus_wowy,0.0,627
playingtime,Serie A,2012-2013,player_id,100.0,627
playingtime,Serie A,2012-2013,team_id,100.0,627
playingtime,Serie A,2013-2014,ranker,100.0,611
playingtime,Serie A,2013-2014,player,100.0,611
playingtime,Serie A,2013-2014,nationality,99.7,611
playingtime,Serie A,2013-2014,position,99.7,611
playingtime,Serie A,2013-2014,team,100.0,611
playingtime,Serie A,2013-2014,age,99.8,611
playingtime,Serie A,2013-2014,birth_year,99.8,611
playingtime,Serie A,2013-2014,games,100.0,611
playingtime,Serie A,2013-2014,minutes,100.0,611
playingtime,Serie A,2013-2014,minutes_per_game,100.0,611
playingtime,Serie A,2013-2014,minutes_pct,100.0,611
playingtime,Serie A,2013-2014,minutes_90s,100.0,611
playingtime,Serie A,2013-2014,games_starts,100.0,611
playingtime,Serie A,2013-2014,minutes_per_start,0.0,611
playingtime,Serie A,2013-2014,games_complete,87.6,611
playingtime,Serie A,2013-2014,games_subs,100.0,611
playingtime,Serie A,2013-2014,minutes_per_sub,0.0,611
playingtime,Serie A,2013-2014,unused_subs,0.0,611
playingtime,Serie A,2013-2014,points_per_game,0.0,611
playingtime,Serie A,2013-2014,on_goals_for,0.0,611
playingtime,Serie A,2013-2014,on_goals_against,0.0,611
playingtime,Serie A,2013-2014,plus_minus,0.0,611
playingtime,Serie A,2013-2014,plus_minus_per90,0.0,611
playingtime,Serie A,2013-2014,plus_minus_wowy,0.0,611
playingtime,Serie A,2013-2014,player_id,100.0,611
playingtime,Serie A,2013-2014,team_id,100.0,611
playingtime,Serie A,2014-2015,ranker,100.0,609
playingtime,Serie A,2014-2015,player,100.0,609
playingtime,Serie A,2014-2015,nationality,99.7,609
playingtime,Serie A,2014-2015,position,99.7,609
playingtime,Serie A,2014-2015,team,100.0,609
playingtime,Serie A,2014-2015,age,99.7,609
playingtime,Serie A,2014-2015,birth_year,99.7,609
playingtime,Serie A,2014-2015,games,100.0,609
playingtime,Serie A,2014-2015,minutes,100.0,609
playingtime,Serie A,2014-2015,minutes_per_game,100.0,609
playingtime,Serie A,2014-2015,minutes_pct,100.0,609
playingtime,Serie A,2014-2015,minutes_90s,100.0,609
playingtime,Serie A,2014-2015,games_starts,100.0,609
playingtime,Serie A,2014-2015,minutes_per_start,0.0,609
playingtime,Serie A,2014-2015,games_complete,99.7,609
playingtime,Serie A,2014-2015,games_subs,100.0,609
playingtime,Serie A,2014-2015,minutes_per_sub,0.0,609
playingtime,Serie A,2014-2015,unused_subs,100.0,609
playingtime,Serie A,2014-2015,points_per_game,99.3,609
playingtime,Serie A,2014-2015,on_goals_for,99.3,609
playingtime,Serie A,2014-2015,on_goals_against,99.3,609
playingtime,Serie A,2014-2015,plus_minus,99.3,609
playingtime,Serie A,2014-2015,plus_minus_per90,99.3,609
playingtime,Serie A,2014-2015,plus_minus_wowy,99.2,609
playingtime,Serie A,2014-2015,player_id,100.0,609
playingtime,Serie A,2014-2015,team_id,100.0,609
playingtime,Serie A,2015-2016,ranker,100.0,584
playingtime,Serie A,2015-2016,player,100.0,584
playingtime,Serie A,2015-2016,nationality,100.0,584
playingtime,Serie A,2015-2016,position,100.0,584
playingtime,Serie A,2015-2016,team,100.0,584
playingtime,Serie A,2015-2016,age,99.8,584
playingtime,Serie A,2015-2016,birth_year,99.8,584
playingtime,Serie A,2015-2016,games,100.0,584
playingtime,Serie A,2015-2016,minutes,100.0,584
playingtime,Serie A,2015-2016,minutes_per_game,100.0,584
playingtime,Serie A,2015-2016,minutes_pct,100.0,584
playingtime,Serie A,2015-2016,minutes_90s,100.0,584
playingtime,Serie A,2015-2016,games_starts,100.0,584
playingtime,Serie A,2015-2016,minutes_per_start,0.0,584
playingtime,Serie A,2015-2016,games_complete,99.5,584
playingtime,Serie A,2015-2016,games_subs,100.0,584
playingtime,Serie A,2015-2016,minutes_per_sub,0.0,584
playingtime,Serie A,2015-2016,unused_subs,100.0,584
playingtime,Serie A,2015-2016,points_per_game,99.5,584
playingtime,Serie A,2015-2016,on_goals_for,99.5,584
playingtime,Serie A,2015-2016,on_goals_against,99.5,584
playingtime,Serie A,2015-2016,plus_minus,99.5,584
playingtime,Serie A,2015-2016,plus_minus_per90,99.5,584
playingtime,Serie A,2015-2016,plus_minus_wowy,99.3,584
playingtime,Serie A,2015-2016,player_id,100.0,584
playingtime,Serie A,2015-2016,team_id,100.0,584
playingtime,Serie A,2016-2017,ranker,100.0,582
playingtime,Serie A,2016-2017,player,100.0,582
playingtime,Serie A,2016-2017,nationality,99.7,582
playingtime,Serie A,2016-2017,position,99.7,582
playingtime,Serie A,2016-2017,team,100.0,582
playingtime,Serie A,2016-2017,age,99.7,582
playingtime,Serie A,2016-2017,birth_year,99.7,582
playingtime,Serie A,2016-2017,games,100.0,582
playingtime,Serie A,2016-2017,minutes,100.0,582
playingtime,Serie A,2016-2017,minutes_per_game,100.0,582
playingtime,Serie A,2016-2017,minutes_pct,100.0,582
playingtime,Serie A,2016-2017,minutes_90s,100.0,582
playingtime,Serie A,2016-2017,games_starts,100.0,582
playingtime,Serie A,2016-2017,minutes_per_start,0.0,582
playingtime,Serie A,2016-2017,games_complete,99.1,582
playingtime,Serie A,2016-2017,games_subs,100.0,582
playingtime,Serie A,2016-2017,minutes_per_sub,0.0,582
playingtime,Serie A,2016-2017,unused_subs,100.0,582
playingtime,Serie A,2016-2017,points_per_game,99.1,582
playingtime,Serie A,2016-2017,on_goals_for,99.1,582
playingtime,Serie A,2016-2017,on_goals_against,99.1,582
playingtime,Serie A,2016-2017,plus_minus,99.1,582
playingtime,Serie A,2016-2017,plus_minus_per90,99.1,582
playingtime,Serie A,2016-2017,plus_minus_wowy,98.6,582
playingtime,Serie A,2016-2017,player_id,100.0,582
playingtime,Serie A,2016-2017,team_id,100.0,582
playingtime,Serie A,2017-2018,ranker,100.0,553
playingtime,Serie A,2017-2018,player,100.0,553
playingtime,Serie A,2017-2018,nationality,99.8,553
playingtime,Serie A,2017-2018,position,99.8,553
playingtime,Serie A,2017-2018,team,100.0,553
playingtime,Serie A,2017-2018,age,99.8,553
playingtime,Serie A,2017-2018,birth_year,99.8,553
playingtime,Serie A,2017-2018,games,100.0,553
playingtime,Serie A,2017-2018,minutes,100.0,553
playingtime,Serie A,2017-2018,minutes_per_game,100.0,553
playingtime,Serie A,2017-2018,minutes_pct,100.0,553
playingtime,Serie A,2017-2018,minutes_90s,100.0,553
playingtime,Serie A,2017-2018,games_starts,100.0,553
playingtime,Serie A,2017-2018,minutes_per_start,0.0,553
playingtime,Serie A,2017-2018,games_complete,99.6,553
playingtime,Serie A,2017-2018,games_subs,100.0,553
playingtime,Serie A,2017-2018,minutes_per_sub,0.2,553
playingtime,Serie A,2017-2018,unused_subs,100.0,553
playingtime,Serie A,2017-2018,points_per_game,99.5,553
playingtime,Serie A,2017-2018,on_goals_for,99.5,553
playingtime,Serie A,2017-2018,on_goals_against,99.5,553
playingtime,Serie A,2017-2018,plus_minus,99.5,553
playingtime,Serie A,2017-2018,plus_minus_per90,99.5,553
playingtime,Serie A,2017-2018,plus_minus_wowy,98.2,553
playingtime,Serie A,2017-2018,player_id,100.0,553
playingtime,Serie A,2017-2018,team_id,100.0,553
playingtime,Serie A,2018-2019,ranker,100.0,569
playingtime,Serie A,2018-2019,player,100.0,569
playingtime,Serie A,2018-2019,nationality,100.0,569
playingtime,Serie A,2018-2019,position,100.0,569
playingtime,Serie A,2018-2019,team,100.0,569
playingtime,Serie A,2018-2019,age,100.0,569
playingtime,Serie A,2018-2019,birth_year,100.0,569
playingtime,Serie A,2018-2019,games,100.0,569
playingtime,Serie A,2018-2019,minutes,100.0,569
playingtime,Serie A,2018-2019,minutes_per_game,100.0,569
playingtime,Serie A,2018-2019,minutes_pct,100.0,569
playingtime,Serie A,2018-2019,minutes_90s,100.0,569
playingtime,Serie A,2018-2019,games_starts,100.0,569
playingtime,Serie A,2018-2019,minutes_per_start,90.0,569
playingtime,Serie A,2018-2019,games_complete,100.0,569
playingtime,Serie A,2018-2019,games_subs,100.0,569
playingtime,Serie A,2018-2019,minutes_per_sub,80.1,569
playingtime,Serie A,2018-2019,unused_subs,100.0,569
playingtime,Serie A,2018-2019,points_per_game,100.0,569
playingtime,Serie A,2018-2019,on_goals_for,100.0,569
playingtime,Serie A,2018-2019,on_goals_against,100.0,569
playingtime,Serie A,2018-2019,plus_minus,100.0,569
playingtime,Serie A,2018-2019,plus_minus_per90,100.0,569
playingtime,Serie A,2018-2019,plus_minus_wowy,99.3,569
playingtime,Serie A,2018-2019,player_id,100.0,569
playingtime,Serie A,2018-2019,team_id,100.0,569
playingtime,Serie A,2019-2020,ranker,100.0,600
playingtime,Serie A,2019-2020,player,100.0,600
playingtime,Serie A,2019-2020,nationality,100.0,600
playingtime,Serie A,2019-2020,position,100.0,600
playingtime,Serie A,2019-2020,team,100.0,600
playingtime,Serie A,2019-2020,age,100.0,600
playingtime,Serie A,2019-2020,birth_year,100.0,600
playingtime,Serie A,2019-2020,games,100.0,600
playingtime,Serie A,2019-2020,minutes,100.0,600
playingtime,Serie A,2019-2020,minutes_per_game,100.0,600
playingtime,Serie A,2019-2020,minutes_pct,100.0,600
playingtime,Serie A,2019-2020,minutes_90s,100.0,600
playingtime,Serie A,2019-2020,games_starts,100.0,600
playingtime,Serie A,2019-2020,minutes_per_start,89.0,600
playingtime,Serie A,2019-2020,games_complete,100.0,600
playingtime,Serie A,2019-2020,games_subs,100.0,600
playingtime,Serie A,2019-2020,minutes_per_sub,87.2,600
playingtime,Serie A,2019-2020,unused_subs,100.0,600
playingtime,Serie A,2019-2020,points_per_game,100.0,600
playingtime,Serie A,2019-2020,on_goals_for,100.0,600
playingtime,Serie A,2019-2020,on_goals_against,100.0,600
playingtime,Serie A,2019-2020,plus_minus,100.0,600
playingtime,Serie A,2019-2020,plus_minus_per90,100.0,600
playingtime,Serie A,2019-2020,plus_minus_wowy,99.7,600
playingtime,Serie A,2019-2020,player_id,100.0,600
playingtime,Serie A,2019-2020,team_id,100.0,600
playingtime,Serie A,2020-2021,ranker,100.0,619
playingtime,Serie A,2020-2021,player,100.0,619
playingtime,Serie A,2020-2021,nationality,100.0,619
playingtime,Serie A,2020-2021,position,100.0,619
playingtime,Serie A,2020-2021,team,100.0,619
playingtime,Serie A,2020-2021,age,100.0,619
playingtime,Serie A,2020-2021,birth_year,100.0,619
playingtime,Serie A,2020-2021,games,100.0,619
playingtime,Serie A,2020-2021,minutes,100.0,619
playingtime,Serie A,2020-2021,minutes_per_game,100.0,619
playingtime,Serie A,2020-2021,minutes_pct,100.0,619
playingtime,Serie A,2020-2021,minutes_90s,100.0,619
playingtime,Serie A,2020-2021,games_starts,100.0,619
playingtime,Serie A,2020-2021,minutes_per_start,85.5,619
playingtime,Serie A,2020-2021,games_complete,100.0,619
playingtime,Serie A,2020-2021,games_subs,100.0,619
playingtime,Serie A,2020-2021,minutes_per_sub,87.4,619
playingtime,Serie A,2020-2021,unused_subs,100.0,619
playingtime,Serie A,2020-2021,points_per_game,100.0,619
playingtime,Serie A,2020-2021,on_goals_for,100.0,619
playingtime,Serie A,2020-2021,on_goals_against,100.0,619
playingtime,Serie A,2020-2021,plus_minus,100.0,619
playingtime,Serie A,2020-2021,plus_minus_per90,100.0,619
playingtime,Serie A,2020-2021,plus_minus_wowy,100.0,619
playingtime,Serie A,2020-2021,player_id,100.0,619
playingtime,Serie A,2020-2021,team_id,100.0,619
playingtime,Serie A,2021-2022,ranker,100.0,632
playingtime,Serie A,2021-2022,player,100.0,632
playingtime,Serie A,2021-2022,nationality,100.0,632
playingtime,Serie A,2021-2022,position,100.0,632
playingtime,Serie A,2021-2022,team,100.0,632
playingtime,Serie A,2021-2022,age,100.0,632
playingtime,Serie A,2021-2022,birth_year,100.0,632
playingtime,Serie A,2021-2022,games,100.0,632
playingtime,Serie A,2021-2022,minutes,100.0,632
playingtime,Serie A,2021-2022,minutes_per_game,100.0,632
playingtime,Serie A,2021-2022,minutes_pct,100.0,632
playingtime,Serie A,2021-2022,minutes_90s,100.0,632
playingtime,Serie A,2021-2022,games_starts,100.0,632
playingtime,Serie A,2021-2022,minutes_per_start,84.2,632
playingtime,Serie A,2021-2022,games_complete,100.0,632
playingtime,Serie A,2021-2022,games_subs,100.0,632
playingtime,Serie A,2021-2022,minutes_per_sub,87.3,632
playingtime,Serie A,2021-2022,unused_subs,100.0,632
playingtime,Serie A,2021-2022,points_per_game,100.0,632
playingtime,Serie A,2021-2022,on_goals_for,100.0,632
playingtime,Serie A,2021-2022,on_goals_against,100.0,632
playingtime,Serie A,2021-2022,plus_minus,100.0,632
playingtime,Serie A,2021-2022,plus_minus_per90,100.0,632
playingtime,Serie A,2021-2022,plus_minus_wowy,99.7,632
playingtime,Serie A,2021-2022,player_id,100.0,632
playingtime,Serie A,2021-2022,team_id,100.0,632
playingtime,Serie A,2022-2023,ranker,100.0,603
playingtime,Serie A,2022-2023,player,100.0,603
playingtime,Serie A,2022-2023,nationality,100.0,603
playingtime,Serie A,2022-2023,position,100.0,603
playingtime,Serie A,2022-2023,team,100.0,603
playingtime,Serie A,2022-2023,age,100.0,603
playingtime,Serie A,2022-2023,birth_year,100.0,603
playingtime,Serie A,2022-2023,games,100.0,603
playingtime,Serie A,2022-2023,minutes,100.0,603
playingtime,Serie A,2022-2023,minutes_per_game,100.0,603
playingtime,Serie A,2022-2023,minutes_pct,100.0,603
playingtime,Serie A,2022-2023,minutes_90s,100.0,603
playingtime,Serie A,2022-2023,games_starts,100.0,603
playingtime,Serie A,2022-2023,minutes_per_start,87.9,603
playingtime,Serie A,2022-2023,games_complete,100.0,603
playingtime,Serie A,2022-2023,games_subs,100.0,603
playingtime,Serie A,2022-2023,minutes_per_sub,88.7,603
playingtime,Serie A,2022-2023,unused_subs,100.0,603
playingtime,Serie A,2022-2023,points_per_game,100.0,603
playingtime,Serie A,2022-2023,on_goals_for,100.0,603
playingtime,Serie A,2022-2023,on_goals_against,100.0,603
playingtime,Serie A,2022-2023,plus_minus,100.0,603
playingtime,Serie A,2022-2023,plus_minus_per90,100.0,603
playingtime,Serie A,2022-2023,plus_minus_wowy,99.5,603
playingtime,Serie A,2022-2023,player_id,100.0,603
playingtime,Serie A,2022-2023,team_id,100.0,603
playingtime,Serie A,2023-2024,ranker,100.0,616
playingtime,Serie A,2023-2024,player,100.0,616
playingtime,Serie A,2023-2024,nationality,100.0,616
playingtime,Serie A,2023-2024,position,100.0,616
playingtime,Serie A,2023-2024,team,100.0,616
playingtime,Serie A,2023-2024,age,100.0,616
playingtime,Serie A,2023-2024,birth_year,100.0,616
playingtime,Serie A,2023-2024,games,100.0,616
playingtime,Serie A,2023-2024,minutes,100.0,616
playingtime,Serie A,2023-2024,minutes_per_game,100.0,616
playingtime,Serie A,2023-2024,minutes_pct,100.0,616
playingtime,Serie A,2023-2024,minutes_90s,100.0,616
playingtime,Serie A,2023-2024,games_starts,100.0,616
playingtime,Serie A,2023-2024,minutes_per_start,84.7,616
playingtime,Serie A,2023-2024,games_complete,100.0,616
playingtime,Serie A,2023-2024,games_subs,100.0,616
playingtime,Serie A,2023-2024,minutes_per_sub,87.5,616
playingtime,Serie A,2023-2024,unused_subs,100.0,616
playingtime,Serie A,2023-2024,points_per_game,100.0,616
playingtime,Serie A,2023-2024,on_goals_for,100.0,616
playingtime,Serie A,2023-2024,on_goals_against,100.0,616
playingtime,Serie A,2023-2024,plus_minus,100.0,616
playingtime,Serie A,2023-2024,plus_minus_per90,100.0,616
playingtime,Serie A,2023-2024,plus_minus_wowy,99.8,616
playingtime,Serie A,2023-2024,player_id,100.0,616
playingtime,Serie A,2023-2024,team_id,100.0,616
playingtime,Serie A,2024-2025,ranker,100.0,634
playingtime,Serie A,2024-2025,player,100.0,634
playingtime,Serie A,2024-2025,nationality,100.0,634
playingtime,Serie A,2024-2025,position,100.0,634
playingtime,Serie A,2024-2025,team,100.0,634
playingtime,Serie A,2024-2025,age,100.0,634
playingtime,Serie A,2024-2025,birth_year,100.0,634
playingtime,Serie A,2024-2025,games,100.0,634
playingtime,Serie A,2024-2025,minutes,100.0,634
playingtime,Serie A,2024-2025,minutes_per_game,100.0,634
playingtime,Serie A,2024-2025,minutes_pct,100.0,634
playingtime,Serie A,2024-2025,minutes_90s,100.0,634
playingtime,Serie A,2024-2025,games_starts,100.0,634
playingtime,Serie A,2024-2025,minutes_per_start,86.1,634
playingtime,Serie A,2024-2025,games_complete,100.0,634
playingtime,Serie A,2024-2025,games_subs,100.0,634
playingtime,Serie A,2024-2025,minutes_per_sub,86.4,634
playingtime,Serie A,2024-2025,unused_subs,100.0,634
playingtime,Serie A,2024-2025,points_per_game,100.0,634
playingtime,Serie A,2024-2025,on_goals_for,100.0,634
playingtime,Serie A,2024-2025,on_goals_against,100.0,634
playingtime,Serie A,2024-2025,plus_minus,100.0,634
playingtime,Serie A,2024-2025,plus_minus_per90,100.0,634
playingtime,Serie A,2024-2025,plus_minus_wowy,99.4,634
playingtime,Serie A,2024-2025,player_id,100.0,634
playingtime,Serie A,2024-2025,team_id,100.0,634
playingtime,Serie A,2025-2026,ranker,100.0,609
playingtime,Serie A,2025-2026,player,100.0,609
playingtime,Serie A,2025-2026,nationality,99.8,609
playingtime,Serie A,2025-2026,position,100.0,609
playingtime,Serie A,2025-2026,team,100.0,609
playingtime,Serie A,2025-2026,age,99.8,609
playingtime,Serie A,2025-2026,birth_year,99.8,609
playingtime,Serie A,2025-2026,games,100.0,609
playingtime,Serie A,2025-2026,minutes,100.0,609
playingtime,Serie A,2025-2026,minutes_per_game,100.0,609
playingtime,Serie A,2025-2026,minutes_pct,100.0,609
playingtime,Serie A,2025-2026,minutes_90s,100.0,609
playingtime,Serie A,2025-2026,games_starts,100.0,609
playingtime,Serie A,2025-2026,minutes_per_start,87.8,609
playingtime,Serie A,2025-2026,games_complete,100.0,609
playingtime,Serie A,2025-2026,games_subs,100.0,609
playingtime,Serie A,2025-2026,minutes_per_sub,87.5,609
playingtime,Serie A,2025-2026,unused_subs,100.0,609
playingtime,Serie A,2025-2026,points_per_game,100.0,609
playingtime,Serie A,2025-2026,on_goals_for,100.0,609
playingtime,Serie A,2025-2026,on_goals_against,100.0,609
playingtime,Serie A,2025-2026,plus_minus,100.0,609
playingtime,Serie A,2025-2026,plus_minus_per90,100.0,609
playingtime,Serie A,2025-2026,plus_minus_wowy,99.3,609
playingtime,Serie A,2025-2026,player_id,100.0,609
playingtime,Serie A,2025-2026,team_id,100.0,609
